"","text","favorited","favoriteCount","replyToSN","created","truncated","replyToSID","id","replyToUID","statusSource","screenName","retweetCount","isRetweet","retweeted","longitude","latitude"
"1","Our plans for @CatVideoFest tomorrow have died a sorry death - sister's two grandkids are both sick, one with stoma… https://t.co/922bI0K3cQ",FALSE,0,NA,2019-03-09 00:47:41,TRUE,NA,"1104181930923360257",NA,"<a href=""http://twitter.com"" rel=""nofollow"">Twitter Web Client</a>","cabri",0,FALSE,FALSE,NA,NA
"2","I love my Rebs! 

I don’t love the flu and Lysol highs.... https://t.co/i9sH6rKLzb",FALSE,0,NA,2019-03-09 00:45:34,FALSE,NA,"1104181397122699267",NA,"<a href=""http://twitter.com/download/iphone"" rel=""nofollow"">Twitter for iPhone</a>","catyreeves",0,FALSE,FALSE,NA,NA
"3","@rizdawg7 I’m on 9 ear infections. Was supposed to get tubes 3/1 but got the flu 4 days before and had to push back another 5 weeks",FALSE,1,"rizdawg7",2019-03-09 00:43:36,FALSE,"1104180494713933825","1104180901930516480","552073493","<a href=""http://twitter.com/download/iphone"" rel=""nofollow"">Twitter for iPhone</a>","JerseyHawk68",0,FALSE,FALSE,NA,NA
"4","Challenge for Day 67 Sometimes the “right” code doesn’t necessarily feel right. This isn’t because the code is bad,… https://t.co/zoYLtlAbQX",FALSE,0,NA,2019-03-09 00:43:30,TRUE,NA,"1104180877779787776",NA,"<a href=""https://ifttt.com"" rel=""nofollow"">IFTTT</a>","DeveloperTea",0,FALSE,FALSE,NA,NA
"5","@bulletgifts Just take care of you.  I totally missed last Saturday, slept right through it.  Flu is the pits.  Feel better <U+0001F64F><U+0001F64F><U+0001F64F><U+0001F64F>",FALSE,1,"bulletgifts",2019-03-09 00:43:05,FALSE,"1104178530294870016","1104180773224148992","932289159665942528","<a href=""http://twitter.com/#!/download/ipad"" rel=""nofollow"">Twitter for iPad</a>","PYon_LiveLife",0,FALSE,FALSE,NA,NA
"6","@WhoopiGoldberg my prayers are with you for complete healing and recovery! Moms going thru it now and had emergency… https://t.co/EBRXXdGVed",FALSE,0,"WhoopiGoldberg",2019-03-09 00:42:06,TRUE,NA,"1104180525793714176","284602545","<a href=""http://twitter.com/download/iphone"" rel=""nofollow"">Twitter for iPhone</a>","AmyVenti",0,FALSE,FALSE,NA,NA
"7","@catrachxs You have the flu girl",FALSE,1,"catrachxs",2019-03-09 00:41:55,FALSE,"1104162593332256770","1104180479429890048","1100242952671027200","<a href=""http://twitter.com/download/iphone"" rel=""nofollow"">Twitter for iPhone</a>","patricknathan",0,FALSE,FALSE,NA,NA
"8","@HislopMD Had a patient once on VV ECMO for flu. No flu shot (anti-vax in general). Rest of family didn’t get flu s… https://t.co/aQbjqEJPLw",FALSE,0,"HislopMD",2019-03-09 00:41:19,TRUE,"1103845326530605056","1104180326279143424","128109346","<a href=""http://twitter.com/download/iphone"" rel=""nofollow"">Twitter for iPhone</a>","bryanboling",0,FALSE,FALSE,NA,NA
"9","Flu activity still widespread in Kentucky https://t.co/J17TU9xPJ9",FALSE,0,NA,2019-03-09 00:40:42,FALSE,NA,"1104180172742373376",NA,"<a href=""http://www.facebook.com/twitter"" rel=""nofollow"">Facebook</a>","godschild1966",0,FALSE,FALSE,NA,NA
"10","@iownjd @iamoppose Awe. I’m so sorry to hear this. The flu is horrible. I send you lots of love and prayers <U+0001F622><U+0001F64F><U+0001F64F><U+0001F64F>",FALSE,0,"iownjd",2019-03-09 00:39:51,FALSE,"1104136539846725632","1104179958438612993","262749118","<a href=""http://twitter.com/download/iphone"" rel=""nofollow"">Twitter for iPhone</a>","EllenKolb",0,FALSE,FALSE,NA,NA
"11","Flu activity still widespread in Kentucky https://t.co/KjOr8WQRwF",FALSE,0,NA,2019-03-09 00:39:04,FALSE,NA,"1104179763416100867",NA,"<a href=""http://twitter.com/download/android"" rel=""nofollow"">Twitter for Android</a>","godschild1966",0,FALSE,FALSE,NA,NA
"12","Flu season may not have peaked, and there's another wave of severe infections underway, CDC says - CNN https://t.co/LrcnZqnOyx",FALSE,0,NA,2019-03-09 00:38:40,FALSE,NA,"1104179662593368064",NA,"<a href=""http://twitter.com/download/iphone"" rel=""nofollow"">Twitter for iPhone</a>","MRCEOCARLOS",0,FALSE,FALSE,NA,NA
"13","@BasketballRoto Just like Jordan was probable with the flu.
#Detroitbasketball",FALSE,1,"BasketballRoto",2019-03-09 00:38:33,FALSE,"1103789430291099648","1104179632834793474","798626073550258176","<a href=""http://twitter.com/download/android"" rel=""nofollow"">Twitter for Android</a>","PistonStandard",0,FALSE,FALSE,NA,NA
"14","@persisting2017 @WhoopiGoldberg @DavidTennantPod My moms been in the hospital 2 weeks with flu turned into pneumoni… https://t.co/2NQNRJTVc4",FALSE,0,"persisting2017",2019-03-09 00:37:56,TRUE,"1104179055908216832","1104179478341791744","817918474320166912","<a href=""http://twitter.com/download/iphone"" rel=""nofollow"">Twitter for iPhone</a>","AmyVenti",0,FALSE,FALSE,NA,NA
"15","“Why are people throwing cheese at their babies it’s so mean!”

THEY’RE HAVING FUN SUSAN
TALK ABOUT THE MORONS NOT… https://t.co/wllFcBPH8K",FALSE,0,NA,2019-03-09 00:37:40,TRUE,NA,"1104179409601343488",NA,"<a href=""http://twitter.com/download/iphone"" rel=""nofollow"">Twitter for iPhone</a>","Slateski_Sucks",0,FALSE,FALSE,NA,NA
"16","confirmed case of the flu. 

excellent.. <U+0001F637>",FALSE,0,NA,2019-03-09 00:36:55,FALSE,NA,"1104179221348405250",NA,"<a href=""http://twitter.com/download/iphone"" rel=""nofollow"">Twitter for iPhone</a>","_nahaled",0,FALSE,FALSE,NA,NA
"17","There's a second wave of severe flu infections happening, CDC says @CNN https://t.co/8CXcQlBqFY",FALSE,1,NA,2019-03-09 00:36:41,FALSE,NA,"1104179160816279552",NA,"<a href=""http://twitter.com"" rel=""nofollow"">Twitter Web Client</a>","theredqueen81",1,FALSE,FALSE,NA,NA
"18","There's a second wave of severe flu infections happening, CDC says @CNN https://t.co/lPdNDh5VuX",FALSE,0,NA,2019-03-09 00:36:40,FALSE,NA,"1104179157049720837",NA,"<a href=""http://twitter.com"" rel=""nofollow"">Twitter Web Client</a>","MagnoliaG2012",0,FALSE,FALSE,NA,NA
"19","A pill that mimics natural antibodies could fight many kinds of flu, reports a new study in Science - Mice that wer… https://t.co/DYlF0obKkV",FALSE,0,NA,2019-03-09 00:36:34,TRUE,NA,"1104179130768285698",NA,"<a href=""https://ifttt.com"" rel=""nofollow"">IFTTT</a>","DrSherryChandy",0,FALSE,FALSE,NA,NA
"20","Arghh I have the flipping flu",FALSE,0,NA,2019-03-09 00:35:58,FALSE,NA,"1104178980888801281",NA,"<a href=""http://twitter.com/download/iphone"" rel=""nofollow"">Twitter for iPhone</a>","_stonyyy",0,FALSE,FALSE,NA,NA
"21","This flu season has peaked, but experts also are monitoring an increase in illnesses from a kind of flu virus that… https://t.co/27fBHMPvys",FALSE,0,NA,2019-03-09 00:35:00,TRUE,NA,"1104178737178910720",NA,"<a href=""http://www.socialnewsdesk.com"" rel=""nofollow"">SocialNewsDesk</a>","jaxdotcom",0,FALSE,FALSE,NA,NA
"22","It’s official...getting the flu shot <U+0001F489> was not effective for me! <U+0001F321><U+0001F637><U+0001F927><U+0001F915><U+0001F912>
.
.
#downtime #rest #flu #fever… https://t.co/AY1jmR8nhE",FALSE,0,NA,2019-03-09 00:34:58,TRUE,NA,"1104178729771778049",NA,"<a href=""http://instagram.com"" rel=""nofollow"">Instagram</a>","iSTR8N_UP",0,FALSE,FALSE,NA,NA
"23","Flu activity remains high in Illinois, more ICU admissions in LaSalle County https://t.co/56T87f8Dhs",FALSE,0,NA,2019-03-09 00:34:40,FALSE,NA,"1104178654416916482",NA,"<a href=""http://www.facebook.com/twitter"" rel=""nofollow"">Facebook</a>","Hawk_Sandi",0,FALSE,FALSE,NA,NA
"24","At home, sick with the flu, but look at this beautiful sight. #IWD19 March in San José, Costa Rica https://t.co/BuhrKvnXPl",FALSE,0,NA,2019-03-09 00:34:14,FALSE,NA,"1104178545742544897",NA,"<a href=""http://twitter.com/download/iphone"" rel=""nofollow"">Twitter for iPhone</a>","Andyhc26",0,FALSE,FALSE,NA,NA
"25","Flu may have peaked, but experts eye jump in nastier strain https://t.co/tb3ajvwCbh",FALSE,0,NA,2019-03-09 00:33:41,FALSE,NA,"1104178405396766721",NA,"<a href=""http://www.socialflow.com"" rel=""nofollow"">SocialFlow</a>","BaltSunHealth",0,FALSE,FALSE,NA,NA
"26","I survived the week AND a 13 year old with the flu!  He was miserable and there wasn’t really much I could do about… https://t.co/41UWMgLT5m",FALSE,0,NA,2019-03-09 00:33:31,TRUE,NA,"1104178364351426560",NA,"<a href=""http://twitter.com/download/iphone"" rel=""nofollow"">Twitter for iPhone</a>","terrye_thorp",0,FALSE,FALSE,NA,NA
"27","Hospitals Are Using Smart Speakers in Patients' Rooms - The Atlantic https://t.co/ConniMPMLM #SmartNews",FALSE,0,NA,2019-03-09 00:33:06,FALSE,NA,"1104178258482847744",NA,"<a href=""https://www.smartnews.com/"" rel=""nofollow"">SmartNews | <U+30B9><U+30DE><U+30FC><U+30C8><U+30CB><U+30E5><U+30FC><U+30B9></a>","wendydshaffer",0,FALSE,FALSE,NA,NA
"28","i was supposed to be eating a steak dinner w/ my close personal friend but instead i am home with the flu...can you say feminism FAIL?!?!",FALSE,4,NA,2019-03-09 00:32:53,FALSE,NA,"1104178206310055939",NA,"<a href=""http://twitter.com/download/iphone"" rel=""nofollow"">Twitter for iPhone</a>","stellaboonshoft",0,FALSE,FALSE,NA,NA
"29","Ever wonder what it’s like to be a pregnant woman, I have the stomach flu and it’s bringing back serious flash back… https://t.co/AsgBuURqhR",FALSE,0,NA,2019-03-09 00:31:12,TRUE,NA,"1104177782018449409",NA,"<a href=""http://twitter.com/download/iphone"" rel=""nofollow"">Twitter for iPhone</a>","darbi_dixon",0,FALSE,FALSE,NA,NA
"30","Ben Simmons will play for the #Sixers vs. #Rockets despite experiencing gastroenteritis.
https://t.co/xxZWAPHkDr",FALSE,1,NA,2019-03-09 00:30:02,FALSE,NA,"1104177488236752897",NA,"<a href=""https://mobile.twitter.com"" rel=""nofollow"">Twitter Web App</a>","PHI_76ersNation",1,FALSE,FALSE,NA,NA
"31","Flu activity remains high across the nation, and there's a second wave of severe infections striking some states. https://t.co/FDLCCRoZeD",FALSE,0,NA,2019-03-09 00:30:00,FALSE,NA,"1104177480431296513",NA,"<a href=""http://www.socialnewsdesk.com"" rel=""nofollow"">SocialNewsDesk</a>","news6wkmg",0,FALSE,FALSE,NA,NA
"32","The flu got me <U+0001F62D><U+0001F62D>",FALSE,0,NA,2019-03-09 00:29:49,FALSE,NA,"1104177433077579776",NA,"<a href=""http://twitter.com/download/iphone"" rel=""nofollow"">Twitter for iPhone</a>","MorghanWarner",0,FALSE,FALSE,NA,NA
"33","Ugh. Flu. Ugh. — feeling sick",FALSE,0,NA,2019-03-09 00:29:41,FALSE,NA,"1104177400336781312",NA,"<a href=""http://www.facebook.com/twitter"" rel=""nofollow"">Facebook</a>","Primate_Prime",0,FALSE,FALSE,NA,NA
"34","@CanuckJordan Thanks dude! Went from flu to chest cold, never ending!!!",FALSE,0,"CanuckJordan",2019-03-09 00:28:56,FALSE,"1104176200048500736","1104177210913681408","724626577741348864","<a href=""http://twitter.com"" rel=""nofollow"">Twitter Web Client</a>","DylanNowak",0,FALSE,FALSE,NA,NA
"35","Flu cases have been on the rise the past few weeks in both Kansas and Missouri. I talked to the director of… https://t.co/k0GVGiR3lA",FALSE,0,NA,2019-03-09 00:27:29,TRUE,NA,"1104176846839664640",NA,"<a href=""http://twitter.com"" rel=""nofollow"">Twitter Web Client</a>","EmilyKMBC",0,FALSE,FALSE,NA,NA
"36","https://t.co/MMPn2YfQrA New pill shows early promise for blocking many strains of flu #sciencenews https://t.co/UwtnfUURop",FALSE,0,NA,2019-03-09 00:27:16,FALSE,NA,"1104176790006890496",NA,"<a href=""https://ifttt.com"" rel=""nofollow"">IFTTT</a>","UpdateonScience",0,FALSE,FALSE,NA,NA
"37","@jasminep04891 Yeah but she didn’t say that. She was acting like she threw it up. She would’ve just said the antibi… https://t.co/9sn8yGwRRb",FALSE,0,"jasminep04891",2019-03-09 00:27:01,TRUE,"1103621525599649792","1104176731051773952","2790634172","<a href=""http://twitter.com/download/iphone"" rel=""nofollow"">Twitter for iPhone</a>","AntiTeenMomMeme",0,FALSE,FALSE,NA,NA
"38","having the flu will make you wanna die. having the flu while also having depression will make you for real think ab… https://t.co/eUMd9YYirU",FALSE,1,NA,2019-03-09 00:26:48,TRUE,NA,"1104176676169310208",NA,"<a href=""http://twitter.com/download/iphone"" rel=""nofollow"">Twitter for iPhone</a>","guynamedgarrett",0,FALSE,FALSE,NA,NA
"39","Flu season continues with a second wave of severe flu infections happening, CDC says - CNN https://t.co/4onSZL9v1m",FALSE,0,NA,2019-03-09 00:26:42,FALSE,NA,"1104176651330617344",NA,"<a href=""http://twitter.com/download/android"" rel=""nofollow"">Twitter for Android</a>","peacelily1121",0,FALSE,FALSE,NA,NA
"40","Three day weekend <U+0001F604>

...b’cuz flu <U+0001F629>",FALSE,0,NA,2019-03-09 00:26:15,FALSE,NA,"1104176534703755264",NA,"<a href=""http://twitter.com/download/iphone"" rel=""nofollow"">Twitter for iPhone</a>","joeflateau",0,FALSE,FALSE,NA,NA
"41","US Government lifts ban to allow 'dangerous' bird flu experiments https://t.co/e8Wk71cjFR via @YouTube",FALSE,0,NA,2019-03-09 00:25:15,FALSE,NA,"1104176282894458880",NA,"<a href=""http://twitter.com/download/iphone"" rel=""nofollow"">Twitter for iPhone</a>","kimdeniselane",0,FALSE,FALSE,NA,NA
"42","@PrttyBrownEyes_ Lol I had the flu this week and I can next week",FALSE,0,"PrttyBrownEyes_",2019-03-09 00:24:13,FALSE,"1104175823781810176","1104176024709939200","231145083","<a href=""http://twitter.com/download/iphone"" rel=""nofollow"">Twitter for iPhone</a>","tm_migo",0,FALSE,FALSE,NA,NA
"43","The flu https://t.co/b1HEHpEo3I",FALSE,0,NA,2019-03-09 00:22:49,FALSE,NA,"1104175672807907328",NA,"<a href=""http://twitter.com/download/iphone"" rel=""nofollow"">Twitter for iPhone</a>","georgedailyIII",0,FALSE,FALSE,NA,NA
"44","There’s a lot to report in the coming months.  The new studio is already booking up and we’ve got some exciting pro… https://t.co/QMk0pWmiaD",FALSE,1,NA,2019-03-09 00:22:49,TRUE,NA,"1104175671771885570",NA,"<a href=""http://www.facebook.com/twitter"" rel=""nofollow"">Facebook</a>","CRMediaGroup",0,FALSE,FALSE,NA,NA
"45","Flu may have peaked, but experts eye jump in nastier strain https://t.co/SgZpp3X9Ip https://t.co/pIre1IV5ip",FALSE,0,NA,2019-03-09 00:22:19,FALSE,NA,"1104175547905728512",NA,"<a href=""http://www.socialflow.com"" rel=""nofollow"">SocialFlow</a>","SunSentinel",0,FALSE,FALSE,NA,NA
"46","@mathbernier Fun fact: I'm a military pharmacist and we have completely removed all cold and flu preparations from… https://t.co/FJ2p7LNtBV",FALSE,1,"mathbernier",2019-03-09 00:19:45,TRUE,"1104173923665620992","1104174898480640000","404420132","<a href=""http://twitter.com/download/android"" rel=""nofollow"">Twitter for Android</a>","SciencePharmer",0,FALSE,FALSE,NA,NA
"47","Kentucky enters 10th straight week of widespread flu activity https://t.co/okk5lycjiZ",FALSE,0,NA,2019-03-09 00:19:01,FALSE,NA,"1104174714287767552",NA,"<a href=""http://www.socialnewsdesk.com"" rel=""nofollow"">SocialNewsDesk</a>","BBaileyWKYT",0,FALSE,FALSE,NA,NA
"48","@UKSportsAllDay Ugh. The flu ran through here a couple weeks ago. It was no fun at all. Sorry to hear that you got… https://t.co/ROPy4qKoJg",FALSE,0,"UKSportsAllDay",2019-03-09 00:18:40,TRUE,"1104102403757015040","1104174626706472965","278096318","<a href=""http://twitter.com/download/iphone"" rel=""nofollow"">Twitter for iPhone</a>","aaronhuff",0,FALSE,FALSE,NA,NA
"49","Happy International Women’s day to my mom who told me I’m not allowed  to Captain Marvel tonight cause I have the flu",FALSE,1,NA,2019-03-09 00:18:25,FALSE,NA,"1104174565457043456",NA,"<a href=""http://twitter.com/download/iphone"" rel=""nofollow"">Twitter for iPhone</a>","shotneill",0,FALSE,FALSE,NA,NA
"50","I have the fucking flu AND pneumonia. What the actual fuck is wrong with me?",FALSE,0,NA,2019-03-09 00:18:20,FALSE,NA,"1104174541985718279",NA,"<a href=""http://twitter.com/download/iphone"" rel=""nofollow"">Twitter for iPhone</a>","samjofedorchik",0,FALSE,FALSE,NA,NA
"51","Been falling asleep because being sick with a uti and flu like symptoms aren't fun. I'm trying to rest and be posit… https://t.co/ETjCjJqfUi",FALSE,0,NA,2019-03-09 00:16:13,TRUE,NA,"1104174009187553281",NA,"<a href=""http://twitter.com/download/android"" rel=""nofollow"">Twitter for Android</a>","JenniLynnHamill",0,FALSE,FALSE,NA,NA
"52","Life advice: never run sprints in a treadmill at 18kph while having the flu. Breathing would be as harsh as breathi… https://t.co/ckIEySO3up",FALSE,0,NA,2019-03-09 00:15:21,TRUE,NA,"1104173795131183111",NA,"<a href=""http://twitter.com/download/android"" rel=""nofollow"">Twitter for Android</a>","juliognzalz",0,FALSE,FALSE,NA,NA
"53","There's a strong chance this flu season has peaked, but health officials are watching a recent wave of illnesses fr… https://t.co/YXOrxQgPhB",FALSE,0,NA,2019-03-09 00:15:02,TRUE,NA,"1104173712612491264",NA,"<a href=""http://www.socialnewsdesk.com"" rel=""nofollow"">SocialNewsDesk</a>","nwademgaz",0,FALSE,FALSE,NA,NA
"54","Is you sick from the dick or is it the flu?",FALSE,1,NA,2019-03-09 00:14:06,FALSE,NA,"1104173477064527873",NA,"<a href=""http://twitter.com/download/android"" rel=""nofollow"">Twitter for Android</a>","CarmenAnnDiego",0,FALSE,FALSE,NA,NA
"55","Can’t drink this weekend cause of the large amount of flu medications I’m taking. I’ve been stuck inside since Tues… https://t.co/rfVviIrM7s",FALSE,0,NA,2019-03-09 00:13:24,TRUE,NA,"1104173303420329984",NA,"<a href=""http://twitter.com/download/iphone"" rel=""nofollow"">Twitter for iPhone</a>","georgiab802",0,FALSE,FALSE,NA,NA
"56","Thyme Destroys Strep Throat, Flu Virus, And Fights Respiratory Infections https://t.co/ER34flsIY6",FALSE,0,NA,2019-03-09 00:12:16,FALSE,NA,"1104173016806764545",NA,"<a href=""http://www.facebook.com/twitter"" rel=""nofollow"">Facebook</a>","FrancineTesler",0,FALSE,FALSE,NA,NA
"57","my boyfriend mama literally just told me don’t talk to him, cause he has the flu and needs rest <U+0001F602><U+0001F926><U+0001F3FD><U+200D><U+2640><U+FE0F> like wtf!!",FALSE,0,"bluakblu",2019-03-09 00:11:48,FALSE,"1104172699557912576","1104172900641357824","1431525422","<a href=""http://twitter.com/download/iphone"" rel=""nofollow"">Twitter for iPhone</a>","bluakblu",0,FALSE,FALSE,NA,NA
"58","Been fading the flu all week now I done knocked his ass out",FALSE,0,NA,2019-03-09 00:11:27,FALSE,NA,"1104172810929401858",NA,"<a href=""http://twitter.com/download/iphone"" rel=""nofollow"">Twitter for iPhone</a>","KeyontaeWoods",0,FALSE,FALSE,NA,NA
"59","@christiancas11 You got the flu mf",FALSE,0,"christiancas11",2019-03-09 00:11:25,FALSE,"1104171264963416064","1104172802381398016","629872401","<a href=""http://twitter.com/download/iphone"" rel=""nofollow"">Twitter for iPhone</a>","JPelaez4",0,FALSE,FALSE,NA,NA
"60","I have the flu! Yuck!",FALSE,0,NA,2019-03-09 00:09:54,FALSE,NA,"1104172420980768768",NA,"<a href=""https://mobile.twitter.com"" rel=""nofollow"">Twitter Web App</a>","babykitten1230",0,FALSE,FALSE,NA,NA
"61","@OGrady_Texas i get flu shot every year too. i don't like to play around.",FALSE,1,"OGrady_Texas",2019-03-09 00:08:58,FALSE,"1104171794997510144","1104172187580354560","1138727461","<a href=""http://twitter.com"" rel=""nofollow"">Twitter Web Client</a>","ajwhitewolf",0,FALSE,FALSE,NA,NA
"62","Quick question could you get the flu fucked out of you?",FALSE,6,NA,2019-03-09 00:08:45,FALSE,NA,"1104172133138206720",NA,"<a href=""http://twitter.com/download/iphone"" rel=""nofollow"">Twitter for iPhone</a>","lauragaravitom",0,FALSE,FALSE,NA,NA
"63","@Latienie @TerranGregory Nooo! It’s that time I guess. I had the flu last weekend- set me back as well! But it’ll p… https://t.co/15EYwUJeQp",FALSE,1,"Latienie",2019-03-09 00:07:43,TRUE,"1104170144731820033","1104171872151789568","38560770","<a href=""http://twitter.com/download/iphone"" rel=""nofollow"">Twitter for iPhone</a>","BattleGirlJess",0,FALSE,FALSE,NA,NA
"64","@keepingtempo I don’t think what I’ve got is flu.. Thank God! Can’t afford to be sick like that. I’m glad you got better pretty fast tho.",FALSE,1,"keepingtempo",2019-03-09 00:07:15,FALSE,"1104169585794797568","1104171755034284033","1090645128476323840","<a href=""http://twitter.com/download/iphone"" rel=""nofollow"">Twitter for iPhone</a>","of_ramblings",0,FALSE,FALSE,NA,NA
"65","I’ve been trying to cut the cost of living in New York for so long, when all I needed to do was get the flu and not eat for an entire week",FALSE,1,NA,2019-03-09 00:06:46,FALSE,NA,"1104171634162843648",NA,"<a href=""http://twitter.com/download/iphone"" rel=""nofollow"">Twitter for iPhone</a>","msnicoledemarco",0,FALSE,FALSE,NA,NA
"66","@annagearyx @karied_awayyy2 i have MONO and TONSILLITIS i wish i had the damn flu :(",FALSE,2,"annagearyx",2019-03-09 00:06:42,FALSE,"1104171469326700544","1104171616580366342","1040089975914745856","<a href=""http://twitter.com/download/android"" rel=""nofollow"">Twitter for Android</a>","tanner_gavlak",0,FALSE,FALSE,NA,NA
"67","Flu activity continues as nastier strain becomes dominant one circulating https://t.co/F8jwdLsfme",FALSE,0,NA,2019-03-09 00:06:33,FALSE,NA,"1104171578370121729",NA,"<a href=""https://dlvrit.com/"" rel=""nofollow"">dlvr.it</a>","indystar",1,FALSE,FALSE,NA,NA
"68","@medicalaxioms totally. No disease is like man flu, not child birth, etc.",FALSE,0,"medicalaxioms",2019-03-09 00:06:28,FALSE,"1104145457914224643","1104171559403569152","197901148","<a href=""http://twitter.com/#!/download/ipad"" rel=""nofollow"">Twitter for iPad</a>","RaymondHortonMD",0,FALSE,FALSE,NA,NA
"69","on top of my flu recovery I am very unfortunate enough to currently be suffering the beginning of a menstrual cycle… https://t.co/WHrPxpWFlz",FALSE,0,"VDKing13",2019-03-09 00:06:10,TRUE,"1104171480739270658","1104171482261803009","2477021282","<a href=""http://twitter.com/download/iphone"" rel=""nofollow"">Twitter for iPhone</a>","VDKing13",0,FALSE,FALSE,NA,NA
"70","""Hospitals have an incentive to do a CT exam, and taxi drivers have an incentive to take the long way home.”… https://t.co/EumbOdYl2Z",FALSE,1,NA,2019-03-09 00:05:01,TRUE,NA,"1104171192901079040",NA,"<a href=""https://buffer.com"" rel=""nofollow"">Buffer</a>","RichDuszak",1,FALSE,FALSE,NA,NA
"71","me: &lt;in tears&gt; baby I love it, how did you get one made with such incredible fire
him: the fire is your wrath, I've… https://t.co/4rsYZq3gha",FALSE,20,"cavaticat",2019-03-09 00:03:41,TRUE,"1104169438314668033","1104170858166317056","22159846","<a href=""http://twitter.com"" rel=""nofollow"">Twitter Web Client</a>","cavaticat",0,FALSE,FALSE,NA,NA
"72","When you just get over the flu and everyone else is sick at the station... @ Colorado Springs, Colorado https://t.co/0W4PW90ea9",FALSE,0,NA,2019-03-09 00:03:19,FALSE,NA,"1104170765774024705",NA,"<a href=""http://instagram.com"" rel=""nofollow"">Instagram</a>","rexontheradio",0,FALSE,FALSE,NA,NA
"73","Gahh.. sick with the flu and now it’s a cold. Once i’m feeling better i’ll post some more videos! #LoveYou",FALSE,0,NA,2019-03-09 00:02:21,FALSE,NA,"1104170520432558081",NA,"<a href=""http://twitter.com/download/iphone"" rel=""nofollow"">Twitter for iPhone</a>","AshreeGAME",0,FALSE,FALSE,NA,NA
"74","On god I cry about Mac Miller at least once a week. I would suffer through this flu for 5 years if he could come back.",FALSE,0,NA,2019-03-09 00:01:53,FALSE,NA,"1104170404556492801",NA,"<a href=""http://twitter.com/download/iphone"" rel=""nofollow"">Twitter for iPhone</a>","_JaciMarie_",0,FALSE,FALSE,NA,NA
"75","THE FLU VACCINES ARE NOTHING BUT MONEY MAKERS.  IT PROTECTS ONE ONLY AGAINST 2 TPES OF FLUE AND THERE ARE SO MANY.… https://t.co/nPExkkq3Gx",FALSE,0,NA,2019-03-09 00:01:10,TRUE,NA,"1104170223068999685",NA,"<a href=""https://mobile.twitter.com"" rel=""nofollow"">Twitter Web App</a>","britemiller",0,FALSE,FALSE,NA,NA
"76","CDC: Flu activity still high, linked to 8 new kids' deaths https://t.co/N69F2FPWiO",FALSE,0,NA,2019-03-09 00:00:41,FALSE,NA,"1104170102260404224",NA,"<a href=""http://www.einnews.com"" rel=""nofollow"">EIN News Publisher</a>","EINH1N1News",0,FALSE,FALSE,NA,NA
"77","Flu season may not have peaked,there's another wave of severe infections underway, CDC says.Flu activity remains hi… https://t.co/BOvFC49efi",FALSE,0,NA,2019-03-09 00:00:28,TRUE,NA,"1104170049177309185",NA,"<a href=""https://www.hootsuite.com"" rel=""nofollow"">Hootsuite Inc.</a>","DiscountMedSup",0,FALSE,FALSE,NA,NA
"78","Don't go it alone!  Support a healthy immune system naturally with all #organic free radical fighting and detoxifyi… https://t.co/Il5JRmUmZI",FALSE,0,NA,2019-03-09 00:00:25,TRUE,NA,"1104170035520724992",NA,"<a href=""https://postcron.com"" rel=""nofollow"">Postcron App</a>","Renovation_Tea",0,FALSE,FALSE,NA,NA
"79","@shelovesmae Do you plan on taking a break? Also going to the gym with the flu? Also congrats on your journey buddy bud!",FALSE,1,"shelovesmae",2019-03-09 00:00:07,FALSE,"1104084163655798785","1104169959029116929","26644803","<a href=""http://twitter.com/download/android"" rel=""nofollow"">Twitter for Android</a>","larrs56",0,FALSE,FALSE,NA,NA
"80","Health officials are watching a recent wave of illnesses from a nastier flu strain https://t.co/7V0q2b1KmK",FALSE,3,NA,2019-03-09 00:00:00,FALSE,NA,"1104169930965045249",NA,"<a href=""https://about.twitter.com/products/tweetdeck"" rel=""nofollow"">TweetDeck</a>","KYWNewsradio",1,FALSE,FALSE,NA,NA
"81","@universe Elizabeth won't get the stomach flu",FALSE,1,"universe",2019-03-08 23:59:44,FALSE,NA,"1104169862476320768","1018892910601932800","<a href=""http://twitter.com/download/android"" rel=""nofollow"">Twitter for Android</a>","BlankusMaximus",0,FALSE,FALSE,NA,NA
"82","The love of my life. Both dying from the stomach flu but he still managed to take care of me. I stan https://t.co/Ysj3njAwRC",FALSE,1,NA,2019-03-08 23:59:41,FALSE,NA,"1104169852254801920",NA,"<a href=""http://twitter.com/download/android"" rel=""nofollow"">Twitter for Android</a>","sadpisceshoe",0,FALSE,FALSE,NA,NA
"83","It’s the weekend and I have two incredibly nourishing healthy options for you! The first is my Keto Salt &amp; Pepper C… https://t.co/ymsOt20mEJ",FALSE,1,NA,2019-03-08 23:59:24,TRUE,NA,"1104169778799874050",NA,"<a href=""https://ifttt.com"" rel=""nofollow"">IFTTT</a>","elanaspantry",0,FALSE,FALSE,NA,NA
"84","i was so excited to come home. i get home and my whole damn family has the flu. happy spring break <U+0001F644>",FALSE,0,NA,2019-03-08 23:58:45,FALSE,NA,"1104169615213711361",NA,"<a href=""http://twitter.com/download/iphone"" rel=""nofollow"">Twitter for iPhone</a>","sarah_amelia__",0,FALSE,FALSE,NA,NA
"85","Had a #sore <U+0001F525><U+0001F525>throat  that turned onto the #flu<U+0001F627><U+0001F927> and put me off my feet for a week<U+0001F525><U+0001F525> but I am getting<U+0001F4AA><U+0001F4AA> #stronger day by day.",FALSE,1,NA,2019-03-08 23:58:39,FALSE,NA,"1104169589968175104",NA,"<a href=""http://twitter.com/download/android"" rel=""nofollow"">Twitter for Android</a>","Cryya16",0,FALSE,FALSE,NA,NA
"86","@of_ramblings I had the flu a week ago.....hated it.    It will go away lady...no worries<U+0001F60A><U+0001F609>",FALSE,1,"of_ramblings",2019-03-08 23:58:38,FALSE,"1104168458751754240","1104169585794797568","1060963115515420672","<a href=""http://twitter.com/download/android"" rel=""nofollow"">Twitter for Android</a>","keepingtempo",0,FALSE,FALSE,NA,NA
"87","Power Thru Cold and Flu https://t.co/XuejgiGt1F #recipes #food #nutrition #smoothie",FALSE,0,NA,2019-03-08 23:58:35,FALSE,NA,"1104169574969282560",NA,"<a href=""https://www.google.com/"" rel=""nofollow"">Google</a>","fdgifford",0,FALSE,FALSE,NA,NA
"88","US Government lifts ban to allow 'dangerous' bird flu experiments  - screw ups do happen https://t.co/LK1SF3vTQC via @MailOnline",FALSE,0,NA,2019-03-08 23:58:03,FALSE,NA,"1104169437635198976",NA,"<a href=""http://twitter.com/#!/download/ipad"" rel=""nofollow"">Twitter for iPad</a>","intelOverwatch",1,FALSE,FALSE,NA,NA
"89","Recent studies have shown that the flu vaccine can help protect against heart attacks, plus reduce the risk of bein… https://t.co/wV00WYbUYx",FALSE,2,NA,2019-03-08 23:57:54,TRUE,NA,"1104169403451670530",NA,"<a href=""http://www.socialflow.com"" rel=""nofollow"">SocialFlow</a>","usnews",2,FALSE,FALSE,NA,NA
"90","You wonder why these tech companies are trying to prevent people from telling the truth on vaccines?  

Because the… https://t.co/btPb3syZGp",FALSE,10,NA,2019-03-08 23:57:33,TRUE,NA,"1104169314163187713",NA,"<a href=""http://twitter.com"" rel=""nofollow"">Twitter Web Client</a>","AddrianStorm",9,FALSE,FALSE,NA,NA
"91","@1Romans58 True but they can make it very difficult I work at a hospital and if you don't get the flu shot you have… https://t.co/rEIiAM5FAx",FALSE,0,"1Romans58",2019-03-08 23:56:49,TRUE,"1104093198157336576","1104169127411937280","958064770019741696","<a href=""http://twitter.com/download/android"" rel=""nofollow"">Twitter for Android</a>","cobaker63",0,FALSE,FALSE,NA,NA
"92","@mathbernier And a public health award for removing pseudoscience and ineffective cold and flu products out of pharmacies.",FALSE,1,"mathbernier",2019-03-08 23:55:45,FALSE,"1104168013367005184","1104168861237235712","404420132","<a href=""http://twitter.com/download/android"" rel=""nofollow"">Twitter for Android</a>","SciencePharmer",0,FALSE,FALSE,NA,NA
"93","Here's an update on the flu. Make sure you're protecting yourself by washing your hands and staying away from those… https://t.co/FpWpHh0eL5",FALSE,0,NA,2019-03-08 23:55:11,TRUE,NA,"1104168718232367111",NA,"<a href=""http://www.socialnewsdesk.com"" rel=""nofollow"">SocialNewsDesk</a>","WGEM",0,FALSE,FALSE,NA,NA
"94","US Government lifts ban to allow 'dangerous' bird flu experiments https://t.co/Ru7ScyNxtK via @MailOnline",FALSE,0,NA,2019-03-08 23:54:33,FALSE,NA,"1104168556906844160",NA,"<a href=""http://twitter.com"" rel=""nofollow"">Twitter Web Client</a>","RealCandidCon",0,FALSE,FALSE,NA,NA
"95","This Flu will not defeat me <U+0001F912><U+0001F629>",FALSE,0,NA,2019-03-08 23:54:21,FALSE,NA,"1104168507414069248",NA,"<a href=""http://twitter.com/download/iphone"" rel=""nofollow"">Twitter for iPhone</a>","DMVNephew",0,FALSE,FALSE,NA,NA
"96","@bosshogswife Pray you feel better, new flu bug going around",FALSE,0,"bosshogswife",2019-03-08 23:54:12,FALSE,"1103793882402299906","1104168471854645251","292131326","<a href=""http://twitter.com/download/android"" rel=""nofollow"">Twitter for Android</a>","garner_melinda",0,FALSE,FALSE,NA,NA
"97","@MeghanMcCain @WhoopiGoldberg In 2009 I was taking care of my brother who had Melanoma it was in his blood and bone… https://t.co/fdVgDopAAk",FALSE,0,"MeghanMcCain",2019-03-08 23:53:58,TRUE,"1104130023576006656","1104168412039835648","23176276","<a href=""http://twitter.com/download/iphone"" rel=""nofollow"">Twitter for iPhone</a>","Danie25",0,FALSE,FALSE,NA,NA
"98","Please help my son walk again! 3 years ago my son had flu vaccine. Shortly he was paralyzed and left him quadripleg… https://t.co/sbMFBxlpYQ",FALSE,2,NA,2019-03-08 23:53:05,TRUE,NA,"1104168187464056832",NA,"<a href=""http://twitter.com"" rel=""nofollow"">Twitter Web Client</a>","AnnaEloyan1",1,FALSE,FALSE,NA,NA
"99","Update: it’s mono not flu and strep and I still want nachos https://t.co/TkHJWM8UnJ",FALSE,0,NA,2019-03-08 23:52:53,FALSE,NA,"1104168141222019073",NA,"<a href=""http://twitter.com/download/iphone"" rel=""nofollow"">Twitter for iPhone</a>","rebecca_wayts",0,FALSE,FALSE,NA,NA
"100","Flu still widespread in Kentucky https://t.co/RrDFzNIDXD",FALSE,0,NA,2019-03-08 23:52:52,FALSE,NA,"1104168133412249601",NA,"<a href=""http://www.socialnewsdesk.com"" rel=""nofollow"">SocialNewsDesk</a>","wbkotv",2,FALSE,FALSE,NA,NA
"101","This flu is no joke there's not a part of my body that isn't hurting <U+0001F62D>",FALSE,0,NA,2019-03-08 23:50:06,FALSE,NA,"1104167437753335809",NA,"<a href=""http://twitter.com/download/android"" rel=""nofollow"">Twitter for Android</a>","Kathy_Morgan11",0,FALSE,FALSE,NA,NA
"102","Flu may have peaked, but experts eye jump in nastier strain: https://t.co/53mr0NjpQ6 https://t.co/8JdYInNV7f",FALSE,0,NA,2019-03-08 23:50:03,FALSE,NA,"1104167424579043328",NA,"<a href=""https://buffer.com"" rel=""nofollow"">Buffer</a>","mclark_ljw",0,FALSE,FALSE,NA,NA
"103","@theoriginalbark Saddest part of the whole film <U+0001F622><U+0001F62D><U+0001F622><U+0001F62D> btw, I think I have the flu <U+0001F62C>",FALSE,0,"theoriginalbark",2019-03-08 23:49:52,FALSE,"1104145678417256450","1104167380157116417","3995544389","<a href=""http://twitter.com/download/iphone"" rel=""nofollow"">Twitter for iPhone</a>","EATtheEDGES1st",0,FALSE,FALSE,NA,NA
"104","I’m having commitment issues with the flu, feel like I’ve been on the verge of vomiting for two weeks now but we ju… https://t.co/CjXl9c62j3",FALSE,0,NA,2019-03-08 23:48:41,TRUE,NA,"1104167082822979585",NA,"<a href=""http://twitter.com/download/iphone"" rel=""nofollow"">Twitter for iPhone</a>","hacapu",0,FALSE,FALSE,NA,NA
"105","@YouAreAFartBag @NewAutismInfo Most deaths involve a preexisting condition; just like those who die of the flu or p… https://t.co/1en7UZhhnV",FALSE,0,"YouAreAFartBag",2019-03-08 23:47:47,TRUE,"1104082085340315648","1104166853755183104","1035012331170713601","<a href=""http://twitter.com/download/iphone"" rel=""nofollow"">Twitter for iPhone</a>","babyname_maven",0,FALSE,FALSE,NA,NA
"106","Things I wanted to do this weekend:
See Captain Marvel

Things I won't be doing this weekend:
Seeing Captain Marvel… https://t.co/GkveKYTviV",FALSE,0,NA,2019-03-08 23:46:05,TRUE,NA,"1104166428297449473",NA,"<a href=""http://twitter.com"" rel=""nofollow"">Twitter Web Client</a>","1dTen",0,FALSE,FALSE,NA,NA
"107","2. Q-Drop 734

Experimental Drug Promises to Kill Flu Virus 

.. shortly after there is Announcements of such drugs… https://t.co/th4KYUIw51",FALSE,5,"gholland04",2019-03-08 23:45:41,TRUE,"1104165968396279808","1104166328271691776","44540580","<a href=""http://twitter.com"" rel=""nofollow"">Twitter Web Client</a>","gholland04",1,FALSE,FALSE,NA,NA
"108","Did you get a flu shot this year?? (Im doing a research project)",FALSE,0,NA,2019-03-08 23:45:36,FALSE,NA,"1104166307308716032",NA,"<a href=""http://twitter.com/download/iphone"" rel=""nofollow"">Twitter for iPhone</a>","b3thhany",0,FALSE,FALSE,NA,NA
"109","Think the “flu” or whatever that was is dissipating. Maybe. Not holding on to that hope <U+0001F91E>",FALSE,0,NA,2019-03-08 23:45:09,FALSE,NA,"1104166194490290176",NA,"<a href=""http://twitter.com/download/iphone"" rel=""nofollow"">Twitter for iPhone</a>","chefinawesome",0,FALSE,FALSE,NA,NA
"110","Got the stomach flu, and my boss asking for something. Had to check him",FALSE,0,NA,2019-03-08 23:44:53,FALSE,NA,"1104166125552758785",NA,"<a href=""http://twitter.com/download/android"" rel=""nofollow"">Twitter for Android</a>","SoAwkwardAda",0,FALSE,FALSE,NA,NA
"111","Flu don caught my ass",FALSE,0,NA,2019-03-08 23:44:36,FALSE,NA,"1104166052668284930",NA,"<a href=""http://www.facebook.com/twitter"" rel=""nofollow"">Facebook</a>","PLATNUMENT",0,FALSE,FALSE,NA,NA
"112","I turn 21 in 2 days, and I have the flu <U+0001F643>. Why is my life like this man <U+0001F62D><U+0001F926><U+0001F3FE><U+200D><U+2642><U+FE0F>",FALSE,1,NA,2019-03-08 23:44:21,FALSE,NA,"1104165990743662598",NA,"<a href=""http://twitter.com/download/iphone"" rel=""nofollow"">Twitter for iPhone</a>","DaMajesticNegus",0,FALSE,FALSE,NA,NA
"113","@HWarlow I love how he's changed some of the titles just a wee bit: ""Gone With the Wine"", ""Lord of the Pies"", ""One… https://t.co/NuV2UgrAxX",FALSE,0,"HWarlow",2019-03-08 23:40:25,TRUE,"1103629471691739137","1104165000036474885","2328834820","<a href=""http://twitter.com/#!/download/ipad"" rel=""nofollow"">Twitter for iPad</a>","Anglophile813",0,FALSE,FALSE,NA,NA
"114","In the winter, many people get sick more often. It is very important to change your toothbrush after having the flu… https://t.co/McDKFBHZQ0",FALSE,0,NA,2019-03-08 23:39:59,TRUE,NA,"1104164893891198977",NA,"<a href=""http://my.lvx.com"" rel=""nofollow"">LVX</a>","SmileCentralNJ",0,FALSE,FALSE,NA,NA
"115","@StabbyClown Hope you feel better soon. It hit me two weeks ago and is just now almost gone. And I hadn't had a cold or flu in 13 years!",FALSE,1,"StabbyClown",2019-03-08 23:39:02,FALSE,"1104163243608535041","1104164655457546242","929336987286425600","<a href=""http://twitter.com"" rel=""nofollow"">Twitter Web Client</a>","OKKaye924",0,FALSE,FALSE,NA,NA
"116","https://t.co/TQiytcDlB6 | Wichita, Kansas News, Weather, Sports - 2 children die from the flu at Wichita hospital… https://t.co/ZpcgQmC0Mf",FALSE,0,NA,2019-03-08 23:38:59,TRUE,NA,"1104164640110624773",NA,"<a href=""http://twitter.com"" rel=""nofollow"">Twitter Web Client</a>","MoonAngelWings",0,FALSE,FALSE,NA,NA
"117","2nd wave of flu hitting southeast US. Wash ur hands. Stay home when sick. Tamiflu within 72 hours onset.… https://t.co/vgTUDNBcNQ",FALSE,3,NA,2019-03-08 23:38:06,TRUE,NA,"1104164420614270976",NA,"<a href=""http://twitter.com/download/iphone"" rel=""nofollow"">Twitter for iPhone</a>","Chad4Jax",1,FALSE,FALSE,NA,NA
"118","You know #momflu like the flu only I still do everything while scrubbing my hands like I’m preparing for surgery ev… https://t.co/6VimFhJS9r",FALSE,0,NA,2019-03-08 23:37:37,TRUE,NA,"1104164296609673216",NA,"<a href=""http://twitter.com/download/iphone"" rel=""nofollow"">Twitter for iPhone</a>","MelissaMN82",0,FALSE,FALSE,NA,NA
"119","You know what’s worse than my pity party recovering from a bout of flu? My 4.5 month old being diagnosed with the f… https://t.co/Gy964KJyQl",FALSE,0,NA,2019-03-08 23:37:34,TRUE,NA,"1104164284723052544",NA,"<a href=""http://twitter.com/download/iphone"" rel=""nofollow"">Twitter for iPhone</a>","ramya_shankar",0,FALSE,FALSE,NA,NA
"120","BAD NEWS - Just got over the 'slow flu' for last four days... 
Fever..aching joints...TROTTS... sweats... YECH !!… https://t.co/wDF3gerMLm",FALSE,1,NA,2019-03-08 23:37:08,TRUE,NA,"1104164177634050049",NA,"<a href=""http://twitter.com"" rel=""nofollow"">Twitter Web Client</a>","talk_nyc",2,FALSE,FALSE,NA,NA
"121","Flu season may not have peaked, and there's another wave of severe infections underway, CDC says - CNN https://t.co/hr8zsGCnmO",FALSE,0,NA,2019-03-08 23:36:45,FALSE,NA,"1104164078065467393",NA,"<a href=""http://twitter.com/download/iphone"" rel=""nofollow"">Twitter for iPhone</a>","a_greenwood",0,FALSE,FALSE,NA,NA
"122","I think I have the flu now:(",FALSE,0,NA,2019-03-08 23:36:31,FALSE,NA,"1104164022369304583",NA,"<a href=""http://twitter.com/#!/download/ipad"" rel=""nofollow"">Twitter for iPad</a>","JordiEscobedo",0,FALSE,FALSE,NA,NA
"123","@daltonleesnow I just got OG while having the flu <U+0001F602>",FALSE,0,"daltonleesnow",2019-03-08 23:35:37,FALSE,"1104163003040190464","1104163795830743041","274634829","<a href=""http://twitter.com/download/iphone"" rel=""nofollow"">Twitter for iPhone</a>","thebrightsea_",0,FALSE,FALSE,NA,NA
"124","Flu season continues with a second wave of severe flu infections happening, CDC says https://t.co/Fh4sZoJLca",FALSE,0,NA,2019-03-08 23:34:25,FALSE,NA,"1104163490879729664",NA,"<a href=""http://twitter.com"" rel=""nofollow"">Twitter Web Client</a>","RussTaylor622",0,FALSE,FALSE,NA,NA
"125","Personally I don’t think it should be legal to do the flu test and the strep test right after each other. My life flashed before my eyes.",FALSE,3,NA,2019-03-08 23:33:26,FALSE,NA,"1104163245584203776",NA,"<a href=""http://twitter.com/download/iphone"" rel=""nofollow"">Twitter for iPhone</a>","sorryimbai",0,FALSE,FALSE,NA,NA
"126","First #ApexLegends #Apex #BattleRoyal game back since I've had the flu https://t.co/TLVI2Z8cqF",FALSE,6,NA,2019-03-08 23:32:51,FALSE,NA,"1104163098179588098",NA,"<a href=""http://twitter.com"" rel=""nofollow"">Twitter Web Client</a>","Hauwnted_",0,FALSE,FALSE,NA,NA
"127","@polarbelle123 Since I have Lupus I now have to be mindful of when I can get my shots. Flu is yearly, dtap &amp; pneumo… https://t.co/vC6Du6IXHg",FALSE,0,"zadidoll",2019-03-08 23:32:50,TRUE,"1104162495554555907","1104163095512051714","18544212","<a href=""http://twitter.com/download/iphone"" rel=""nofollow"">Twitter for iPhone</a>","zadidoll",0,FALSE,FALSE,NA,NA
"128","UPDATE: Rob Gray is out with the flu...not good for the Ants, as he leads the team in scoring with 17.2 ppg",FALSE,0,"_ElizabethWyman",2019-03-08 23:32:38,FALSE,"1104162177957679104","1104163042814844929","246124705","<a href=""http://twitter.com"" rel=""nofollow"">Twitter Web Client</a>","_ElizabethWyman",0,FALSE,FALSE,NA,NA
"129","Flu cases decline for third straight week  https://t.co/n7Ege1kbsP",FALSE,0,NA,2019-03-08 23:30:15,FALSE,NA,"1104162442861522946",NA,"<a href=""https://bnn.socialpilot.in"" rel=""nofollow"">SocialPilot Custom Package</a>","tuscaloosatimes",0,FALSE,FALSE,NA,NA
"130","Health officials say they are watching a recent wave of illnesses caused by a ""nastier flu strain,"" as the current… https://t.co/8UxelRdg3f",FALSE,0,NA,2019-03-08 23:30:13,TRUE,NA,"1104162435571830785",NA,"<a href=""https://www.hootsuite.com"" rel=""nofollow"">Hootsuite Inc.</a>","WCCBCharlotte",0,FALSE,FALSE,NA,NA
"131","#Vt Health Department officials warn now is peak time for flu season. Here's how you can protect yourself… https://t.co/SvAVtbZW83",FALSE,0,NA,2019-03-08 23:30:02,TRUE,NA,"1104162390831230976",NA,"<a href=""http://www.socialnewsdesk.com"" rel=""nofollow"">SocialNewsDesk</a>","wcax",0,FALSE,FALSE,NA,NA
"132","A more potent influenza strain is now circulating through Indiana and Indianapolis.
https://t.co/2PofV3HwDG",FALSE,0,NA,2019-03-08 23:30:00,FALSE,NA,"1104162382090326021",NA,"<a href=""http://www.socialnewsdesk.com"" rel=""nofollow"">SocialNewsDesk</a>","indystar",1,FALSE,FALSE,NA,NA
"133","6-in-1 vaccine KILLS 36 infants, reveals “confidential” document – do we need more proof that vaccines are harmful?… https://t.co/mFvV28FmZW",FALSE,0,NA,2019-03-08 23:28:17,TRUE,NA,"1104161946507636737",NA,"<a href=""https://gab.ai"" rel=""nofollow"">Gab.ai</a>","SweetNeesie",0,FALSE,FALSE,NA,NA
"134","Tryin' to knock the flu out of me... https://t.co/dfH3sd2dU1",FALSE,3,NA,2019-03-08 23:26:59,FALSE,NA,"1104161619209322497",NA,"<a href=""https://mobile.twitter.com"" rel=""nofollow"">Twitter Web App</a>","RonaldMalfi",0,FALSE,FALSE,NA,NA
"135","I just gota say to the abusive asshole in my house &amp; to all who are too irresponsible or lazy or watever to get the… https://t.co/AA1SxU0iiq",FALSE,0,NA,2019-03-08 23:26:49,TRUE,NA,"1104161579279568903",NA,"<a href=""http://twitter.com/download/android"" rel=""nofollow"">Twitter for Android</a>","kbal3259",0,FALSE,FALSE,NA,NA
"136","Someone in this photo has Type A flu. 

And someone else will probably be getting it. https://t.co/0o6ScamHXn",FALSE,0,NA,2019-03-08 23:25:54,FALSE,NA,"1104161349083557889",NA,"<a href=""http://twitter.com/download/iphone"" rel=""nofollow"">Twitter for iPhone</a>","edb87",0,FALSE,FALSE,NA,NA
"137","@Ivan_Thomas95 Morgan’s flu ass ordered 100 breadsticks with sauce Togo",FALSE,0,"Ivan_Thomas95",2019-03-08 23:25:29,FALSE,"1104160655718920192","1104161242363641856","172287374","<a href=""http://twitter.com/download/iphone"" rel=""nofollow"">Twitter for iPhone</a>","SSoderstrom13",0,FALSE,FALSE,NA,NA
"138","Sorry, I haven't been social the several days. Left work early Wednesday morning feeling horrible and ended up goin… https://t.co/wbcyBqUXhH",FALSE,8,NA,2019-03-08 23:25:01,TRUE,NA,"1104161128140234752",NA,"<a href=""http://twitter.com/download/android"" rel=""nofollow"">Twitter for Android</a>","LindyJo_74",0,FALSE,FALSE,NA,NA
"139","Newly Discovered Frog's Slime Could End Flu Season For Good - NOVA PBS https://t.co/fYIrN08Vcs",FALSE,0,NA,2019-03-08 23:24:53,FALSE,NA,"1104161093663014912",NA,"<a href=""http://twitter.com/download/iphone"" rel=""nofollow"">Twitter for iPhone</a>","IfrainGarcia",0,FALSE,FALSE,NA,NA
"140","I won't get into the fact that there's no reason we should pay $300 for an auditory test, that was literally O putt… https://t.co/hPuFI1eeMY",FALSE,0,"aprilist",2019-03-08 23:24:21,TRUE,"1104160957381726208","1104160958153408519","26768251","<a href=""http://twitter.com"" rel=""nofollow"">Twitter Web Client</a>","aprilist",0,FALSE,FALSE,NA,NA
"141","I think the universe is punishing me right now for how many times I’ve said, ”I’m just one stomach flu away from my goal weight.”",FALSE,3,NA,2019-03-08 23:23:56,FALSE,NA,"1104160853694210048",NA,"<a href=""http://twitter.com/download/iphone"" rel=""nofollow"">Twitter for iPhone</a>","ashleyzarlin",0,FALSE,FALSE,NA,NA
"142","@INeedABroom weird. i had it last year and they just literally gave me codeine lmao. it was  a really bad flu too",FALSE,0,"INeedABroom",2019-03-08 23:23:45,FALSE,"1104160568284311552","1104160805887594497","4549749312","<a href=""http://twitter.com/download/iphone"" rel=""nofollow"">Twitter for iPhone</a>","electrojugoton",0,FALSE,FALSE,NA,NA
"143","Flu a step enah me neck bbc",FALSE,0,NA,2019-03-08 23:23:44,FALSE,NA,"1104160804591554560",NA,"<a href=""http://twitter.com/download/iphone"" rel=""nofollow"">Twitter for iPhone</a>","Dwyneml199x",0,FALSE,FALSE,NA,NA
"144","Im from new york where catchin feelings is worse then catchin the flu",FALSE,0,NA,2019-03-08 23:23:39,FALSE,NA,"1104160782965788672",NA,"<a href=""http://twitter.com/download/iphone"" rel=""nofollow"">Twitter for iPhone</a>","Allisonx247",0,FALSE,FALSE,NA,NA
"145","NYR/DET 3/7 Review: Rangers Look Horrible In Loss To The AHLesque Detroit Dead Wings; NYR Winless &amp; Without a PPG S… https://t.co/Grf8cgUBkg",FALSE,0,NA,2019-03-08 23:22:49,TRUE,NA,"1104160573078585347",NA,"<a href=""http://twitter.com"" rel=""nofollow"">Twitter Web Client</a>","NYCTheMiC",0,FALSE,FALSE,NA,NA
"146","rt if u have the flu https://t.co/MyRmUWD6s0",FALSE,4,NA,2019-03-08 23:22:34,FALSE,NA,"1104160509941764096",NA,"<a href=""http://twitter.com/download/android"" rel=""nofollow"">Twitter for Android</a>","coolbeancolleen",2,FALSE,FALSE,NA,NA
"147","Gonna skip streaming one more night~ flu is still kinda kicking my butt. I’ll be back tomorrow (hopefully!) <U+0001F49C>",FALSE,1,NA,2019-03-08 23:22:26,FALSE,NA,"1104160475338682368",NA,"<a href=""http://twitter.com/download/iphone"" rel=""nofollow"">Twitter for iPhone</a>","boogypopfantom",0,FALSE,FALSE,NA,NA
"148","Hope ur feeling less like death @AllieRecks.  F the flu",FALSE,0,NA,2019-03-08 23:22:24,FALSE,NA,"1104160468317421568",NA,"<a href=""http://twitter.com/download/android"" rel=""nofollow"">Twitter for Android</a>","timriggins28",0,FALSE,FALSE,NA,NA
"149","@flow_witMe I never knew the “Period Flu” even existed until I hit my 30s.",FALSE,0,"flow_witMe",2019-03-08 23:21:57,FALSE,"1104092425054838784","1104160354555346951","1011869251462942720","<a href=""http://twitter.com/download/iphone"" rel=""nofollow"">Twitter for iPhone</a>","OhEmGODDESS88",0,FALSE,FALSE,NA,NA
"150","(of course, if you’re experiencing symptoms that go outside the cold, flu, etc. that’s a reasonable excuse to go to the doctor’s)",FALSE,2,"Hutch2Much2",2019-03-08 23:19:19,FALSE,"1104159460556189696","1104159692408922117","1058909029651697665","<a href=""http://twitter.com/download/iphone"" rel=""nofollow"">Twitter for iPhone</a>","Hutch2Much2",0,FALSE,FALSE,NA,NA
"151","@Styx666Official If you can get any real moonshine, it works wonders on the flu or severe cold. Small shot of shine… https://t.co/w8aUJU0u6Q",FALSE,0,"Styx666Official",2019-03-08 23:19:11,TRUE,"1104098780985651200","1104159656484786176","807812802761158656","<a href=""http://twitter.com/download/android"" rel=""nofollow"">Twitter for Android</a>","MichaelToddIng2",0,FALSE,FALSE,NA,NA
"152","@iownjd Oh no JD. Do you have man flu? I’m a nurse and it’s my expert opinion that nothing seems to be worse.  Get well soon.",FALSE,0,"iownjd",2019-03-08 23:18:43,FALSE,"1104136539846725632","1104159539492982784","262749118","<a href=""http://twitter.com/download/iphone"" rel=""nofollow"">Twitter for iPhone</a>","HolTal",0,FALSE,FALSE,NA,NA
"153","PSA:

if you/your child just have the cold or flu or something, don’t go to the doctor’s. please. save that for str… https://t.co/33AVkCAfHo",FALSE,2,NA,2019-03-08 23:18:24,TRUE,NA,"1104159460556189696",NA,"<a href=""http://twitter.com/download/iphone"" rel=""nofollow"">Twitter for iPhone</a>","Hutch2Much2",0,FALSE,FALSE,NA,NA
"154","Seems my daughter’s Con Crud has been upgraded to Con Flu.",FALSE,0,NA,2019-03-08 23:17:25,FALSE,NA,"1104159214493085696",NA,"<a href=""http://twitter.com/download/iphone"" rel=""nofollow"">Twitter for iPhone</a>","MikeRisley",0,FALSE,FALSE,NA,NA
"155","So is it a cold or is it flu? Terrible time to get sick.",FALSE,0,NA,2019-03-08 23:17:11,FALSE,NA,"1104159153675595776",NA,"<a href=""http://twitter.com/download/android"" rel=""nofollow"">Twitter for Android</a>","aaishazi",0,FALSE,FALSE,NA,NA
"156","US Government Approves Experiment to Create a Type of Bird Flu that Could ‘kill millions of people’
https://t.co/OYeWD35bjN",FALSE,0,NA,2019-03-08 23:17:06,FALSE,NA,"1104159136047091714",NA,"<a href=""https://crowdfireapp.com"" rel=""nofollow"">Crowdfire App</a>","TheFoxWIRE",0,FALSE,FALSE,NA,NA
"157","Honestly the important question... not the flu but if Dr. Mike has a 6 pack lmao @RealDoctorMike https://t.co/7Y721mTD8h",FALSE,0,NA,2019-03-08 23:16:33,FALSE,NA,"1104158994644504577",NA,"<a href=""http://twitter.com"" rel=""nofollow"">Twitter Web Client</a>","karinakn12",0,FALSE,FALSE,NA,NA
"158","Wonderful week @AcademyCrescent even with germs and the flu virus around. There was still learning taking place. Gr… https://t.co/3oPWHB3hRq",FALSE,0,NA,2019-03-08 23:16:17,TRUE,NA,"1104158930459131904",NA,"<a href=""http://twitter.com/download/iphone"" rel=""nofollow"">Twitter for iPhone</a>","AcademyCrescent",0,FALSE,FALSE,NA,NA
"159","300 people die every week from drug overdose
Over 90% of those drugs come here across the Mexican border*
300 x 52… https://t.co/RQKn0gKEFP",FALSE,0,NA,2019-03-08 23:15:46,TRUE,NA,"1104158798552461312",NA,"<a href=""http://twitter.com/download/android"" rel=""nofollow"">Twitter for Android</a>","brandy030744",0,FALSE,FALSE,NA,NA
"160","the flu and track practice do not go together <U+0001F922>",FALSE,0,NA,2019-03-08 23:15:12,FALSE,NA,"1104158656327811072",NA,"<a href=""http://twitter.com/download/iphone"" rel=""nofollow"">Twitter for iPhone</a>","dwv9_",0,FALSE,FALSE,NA,NA
"161","We’ve got everything you need for cold &amp; flu season. <U+0001F912> <U+0001F927> <U+0001F637> https://t.co/4bzhRKbKUf",FALSE,0,NA,2019-03-08 23:15:12,FALSE,NA,"1104158656248061952",NA,"<a href=""https://www.hootsuite.com"" rel=""nofollow"">Hootsuite Inc.</a>","ValueDrugs",0,FALSE,FALSE,NA,NA
"162","Stomach flu life saver...Save $15 on your first order of Osso Good Bone Broths! https://t.co/Fnv4XEzfxe",FALSE,0,NA,2019-03-08 23:15:08,FALSE,NA,"1104158638183276546",NA,"<a href=""http://twitter.com/download/android"" rel=""nofollow"">Twitter for Android</a>","SueZoldak",0,FALSE,FALSE,NA,NA
"163","@memento_melissa I had the flu for a week and a half, missed a ton of uni classes and am way behind and tired right… https://t.co/WS3nL62Wzb",FALSE,1,"memento_melissa",2019-03-08 23:15:03,TRUE,"1104066694488547328","1104158617068920832","951384559291002881","<a href=""http://twitter.com"" rel=""nofollow"">Twitter Web Client</a>","SilkSavior",0,FALSE,FALSE,NA,NA
"164","The 2018-19 flu season is shaping up to be a relatively mild one, and it may be thanks, at least in part, to a bett… https://t.co/i5e6iDpNwr",FALSE,0,NA,2019-03-08 23:13:03,TRUE,NA,"1104158116856377350",NA,"<a href=""http://www.socialnewsdesk.com"" rel=""nofollow"">SocialNewsDesk</a>","AJCHealthcare",1,FALSE,FALSE,NA,NA
"165","It was sweltering hot (which makes my maternal grandma's getup even more glorious <U+0001F606>) and I had swine flu, like most… https://t.co/4NnA8wSNxc",FALSE,0,"TheJennyLam",2019-03-08 23:11:25,TRUE,"1104127372855558150","1104157702417272832","35639763","<a href=""http://twitter.com"" rel=""nofollow"">Twitter Web Client</a>","TheJennyLam",0,FALSE,FALSE,NA,NA
"166","They even offer it free https://t.co/fkZ8LzBkGY",FALSE,0,NA,2019-03-08 23:10:53,FALSE,NA,"1104157569004851201",NA,"<a href=""http://www.facebook.com/twitter"" rel=""nofollow"">Facebook</a>","TAESEAN01",0,FALSE,FALSE,NA,NA
"167","Here are 5 #FridayThoughts about the 1918 #flu that could help you #PrepYourHealth for a future flu #pandemic:… https://t.co/MRVTEVgNyr",FALSE,6,NA,2019-03-08 23:10:23,TRUE,NA,"1104157442974408704",NA,"<a href=""https://www.hootsuite.com"" rel=""nofollow"">Hootsuite Inc.</a>","CDCemergency",7,FALSE,FALSE,NA,NA
"168","Hi, my name is Gabe and I like to get the flu the weekend I have a lot of fun things planned <U+0001F643> I might just go to t… https://t.co/3WuzVPTkzx",FALSE,4,NA,2019-03-08 23:10:20,TRUE,NA,"1104157431276490752",NA,"<a href=""http://twitter.com/download/iphone"" rel=""nofollow"">Twitter for iPhone</a>","htx1412",0,FALSE,FALSE,NA,NA
"169","The Lincoln/Lancaster County Health Department has released its latest flu report, showing 8 people have died from… https://t.co/POlSyJQdEK",FALSE,0,NA,2019-03-08 23:10:00,TRUE,NA,"1104157346085986305",NA,"<a href=""http://www.socialnewsdesk.com"" rel=""nofollow"">SocialNewsDesk</a>","1011_News",0,FALSE,FALSE,NA,NA
"170","Ughhhh I’ve got the flu and I’m now stuck in my room until Wednesday, SEND ME MEMES TO PREVENT MY BOREDOM!",FALSE,1,NA,2019-03-08 23:09:26,FALSE,NA,"1104157206444953600",NA,"<a href=""http://twitter.com/download/iphone"" rel=""nofollow"">Twitter for iPhone</a>","DC_A37",0,FALSE,FALSE,NA,NA
"171","Brothers kids have the flu <U+0001F62C> thank goodness we decided not to let them visit last week cause Winnie had a bad night.",FALSE,1,NA,2019-03-08 23:08:02,FALSE,NA,"1104156852940652544",NA,"<a href=""http://twitter.com/download/iphone"" rel=""nofollow"">Twitter for iPhone</a>","MediocreChemist",0,FALSE,FALSE,NA,NA
"172","@metsandnesfan I think I have the flu",FALSE,1,"metsandnesfan",2019-03-08 23:07:15,FALSE,"1104156579048448003","1104156654600359938","2633025881","<a href=""http://twitter.com/download/iphone"" rel=""nofollow"">Twitter for iPhone</a>","TheGiantCassatt",0,FALSE,FALSE,NA,NA
"173","@INeedABroom what is that? i don’t know if you should be buying meds for the flu, my doctor told me that you should… https://t.co/qRj9GJbZ5k",FALSE,0,"INeedABroom",2019-03-08 23:06:58,TRUE,"1104087534588608512","1104156582429057024","4549749312","<a href=""http://twitter.com/download/iphone"" rel=""nofollow"">Twitter for iPhone</a>","electrojugoton",0,FALSE,FALSE,NA,NA
"174","Sometimes you have to raise the bar even higher.Mind you I’m still sick as a dog with the flu https://t.co/VkjfydDGDT",FALSE,5,NA,2019-03-08 23:06:39,FALSE,NA,"1104156504226234368",NA,"<a href=""http://twitter.com/download/iphone"" rel=""nofollow"">Twitter for iPhone</a>","TimCap2",0,FALSE,FALSE,NA,NA
"175","#USCG Lt., #christopherhasson to kill billions of people by white #nationalists. His ideal plague would`have been s… https://t.co/KwBzb26Fcv",FALSE,2,NA,2019-03-08 23:06:11,TRUE,NA,"1104156388568133632",NA,"<a href=""http://twitter.com"" rel=""nofollow"">Twitter Web Client</a>","Anti_DJTrump",1,FALSE,FALSE,NA,NA
"176","CDC: Flu season may not have peaked, another wave underway https://t.co/MxIGUe8IFH",FALSE,1,NA,2019-03-08 23:05:00,FALSE,NA,"1104156089828937728",NA,"<a href=""https://buffer.com"" rel=""nofollow"">Buffer</a>","41actionnews",2,FALSE,FALSE,NA,NA
"177","@cnnhealth The lady in the picture is thinking, ""I should have gotten the flu shot.""",FALSE,0,"cnnhealth",2019-03-08 23:02:44,FALSE,"1104071802698059776","1104155518040506368","41602160","<a href=""https://mobile.twitter.com"" rel=""nofollow"">Twitter Web App</a>","coachegge",0,FALSE,FALSE,NA,NA
"178","@hardsci Agreed. Experts are usually right. We follow this heuristic for good reason. We see a doctor and follow th… https://t.co/uq3nEww7v8",FALSE,1,"hardsci",2019-03-08 23:02:19,TRUE,"1104086857116114944","1104155414168588289","102768569","<a href=""http://twitter.com"" rel=""nofollow"">Twitter Web Client</a>","AndrewRSmith",0,FALSE,FALSE,NA,NA
"179","Self health starts early and our @UVASON undergrad RN students take it seriously no matter what age group is in the… https://t.co/2RedAtuVcZ",FALSE,0,NA,2019-03-08 23:01:48,TRUE,NA,"1104155281834106880",NA,"<a href=""http://twitter.com"" rel=""nofollow"">Twitter Web Client</a>","doctorcmkva",0,FALSE,FALSE,NA,NA
"180","Why does the flu feel like death?!?! Ughhhhhh <U+0001F637><U+0001F927><U+0001F922><U+0001F912>",FALSE,1,NA,2019-03-08 23:01:41,FALSE,NA,"1104155255607037963",NA,"<a href=""http://twitter.com/download/iphone"" rel=""nofollow"">Twitter for iPhone</a>","xokristi89xo",0,FALSE,FALSE,NA,NA
"181","Flu may have peaked, but experts eye jump in nastier strain https://t.co/y5qUNwGqcg",FALSE,0,NA,2019-03-08 23:01:36,FALSE,NA,"1104155234941706240",NA,"<a href=""http://www.socialflow.com"" rel=""nofollow"">SocialFlow</a>","baltsunworld",0,FALSE,FALSE,NA,NA
"182","@AodKaykay Sending love your way, the flu is the worst lots of rest fluids and stay bundled",FALSE,0,"AodKaykay",2019-03-08 23:01:28,FALSE,"1104070061847789568","1104155198883352576","977797095313653760","<a href=""http://twitter.com/download/android"" rel=""nofollow"">Twitter for Android</a>","Momof5angels02",0,FALSE,FALSE,NA,NA
"183","ALRIGHT, Y'ALL! Wanna know something crazy? The Health Dept. tells me many flu tests aren't all that accurate, mean… https://t.co/NelTTYIkXh",FALSE,3,NA,2019-03-08 23:00:18,TRUE,NA,"1104154906288685057",NA,"<a href=""http://twitter.com"" rel=""nofollow"">Twitter Web Client</a>","StephKATV",4,FALSE,FALSE,NA,NA
"184","Still need a flu shot for yourself and your family? Call us at 800.787.2568 to make an appointment today.",FALSE,0,NA,2019-03-08 23:00:14,FALSE,NA,"1104154889398161409",NA,"<a href=""https://www.hootsuite.com"" rel=""nofollow"">Hootsuite Inc.</a>","NVHC1977",0,FALSE,FALSE,NA,NA
"185","I paid $130 at urgent care just so they could tell me that they’re not sure if I have the flu...love that.",FALSE,0,NA,2019-03-08 23:00:06,FALSE,NA,"1104154857836027905",NA,"<a href=""http://twitter.com/download/iphone"" rel=""nofollow"">Twitter for iPhone</a>","AaliyahAAguirre",0,FALSE,FALSE,NA,NA
"186","@ZachariahBASSan Sip on some Theraflu throughout the day today and tomorrow. And also drink some Gatorade! Those he… https://t.co/bK54LpVuEx",FALSE,1,"ZachariahBASSan",2019-03-08 23:00:04,TRUE,"1104037272566071297","1104154847375314944","1007068213006528512","<a href=""http://twitter.com/download/iphone"" rel=""nofollow"">Twitter for iPhone</a>","LaLauraMunoz",0,FALSE,FALSE,NA,NA
"187","Good news: Flu season may have reached its peak. Bad news: A worse strain could be picking up. Have you had the flu… https://t.co/N3QFHszJEe",FALSE,1,NA,2019-03-08 23:00:02,TRUE,NA,"1104154840492634115",NA,"<a href=""http://www.socialnewsdesk.com"" rel=""nofollow"">SocialNewsDesk</a>","WWAY",2,FALSE,FALSE,NA,NA
"188","Out of office set <U+2705>   Kid over the flu <U+2705>  Lift tickets purchased <U+2705> Time to get on a mountain!",FALSE,0,NA,2019-03-08 23:00:01,FALSE,NA,"1104154835614683136",NA,"<a href=""http://twitter.com/download/iphone"" rel=""nofollow"">Twitter for iPhone</a>","meiown",0,FALSE,FALSE,NA,NA
"189","My wife made this chicken soup when I was sick with the flu. Reminded me of my grandma’s chicken and dumplings (onl… https://t.co/6A8GmTzsRb",FALSE,0,NA,2019-03-08 22:59:08,TRUE,NA,"1104154611877724160",NA,"<a href=""http://instagram.com"" rel=""nofollow"">Instagram</a>","Bradley93Don",0,FALSE,FALSE,NA,NA
"190","@TonyBrunoShow @sixers @rockets I quit getting sick as much when I stopped working in hospitals and mandatory flu v… https://t.co/yQwoGciwRo",FALSE,1,"TonyBrunoShow",2019-03-08 22:58:55,TRUE,"1104154131219075073","1104154558836674560","22099513","<a href=""http://twitter.com/download/iphone"" rel=""nofollow"">Twitter for iPhone</a>","Amaryllis78",0,FALSE,FALSE,NA,NA
"191","which one of you anti vaxxers gave me the flu or whatever nightmare is destroying my body rn",FALSE,5,NA,2019-03-08 22:57:50,FALSE,NA,"1104154285326127104",NA,"<a href=""http://twitter.com/download/iphone"" rel=""nofollow"">Twitter for iPhone</a>","david_updike",0,FALSE,FALSE,NA,NA
"192","WICKED! US Government Approves Experiment to Create a Type of Bird Flu that Could ‘kill millions of people’… https://t.co/fLf571T67m",FALSE,2,NA,2019-03-08 22:56:40,TRUE,NA,"1104153990621790208",NA,"<a href=""http://twitter.com"" rel=""nofollow"">Twitter Web Client</a>","truth_bho_truth",0,FALSE,FALSE,NA,NA
"193","I felt this the last time I had the flu ... Thanks https://t.co/CI4xqmNywi",FALSE,0,NA,2019-03-08 22:56:21,FALSE,NA,"1104153910250561537",NA,"<a href=""http://twitter.com/download/android"" rel=""nofollow"">Twitter for Android</a>","iPoke_em",1,FALSE,FALSE,NA,NA
"194","Also it’s almost the third week of March and I’m still wondering why I haven’t gotten food poisoning or a stomach f… https://t.co/JKTquTfR1m",FALSE,2,NA,2019-03-08 22:56:13,TRUE,NA,"1104153877534908417",NA,"<a href=""http://twitter.com/download/iphone"" rel=""nofollow"">Twitter for iPhone</a>","noizuit",0,FALSE,FALSE,NA,NA
"195","@TonyBrunoShow @sixers @rockets I rarely get colds/flu and this one has kicked my butt harder than an enforcer fresh off a suspension",FALSE,1,"Amaryllis78",2019-03-08 22:54:59,FALSE,"1104152647869915141","1104153569001947142","902601439792517120","<a href=""http://twitter.com/download/iphone"" rel=""nofollow"">Twitter for iPhone</a>","Amaryllis78",0,FALSE,FALSE,NA,NA
"196","@ZachariahBASSan My first excision show I woke up with the flu. Who went? Me. Drove 3 fucking hours for it too",FALSE,0,"ZachariahBASSan",2019-03-08 22:53:37,FALSE,"1104037272566071297","1104153223693127680","1007068213006528512","<a href=""http://twitter.com/download/iphone"" rel=""nofollow"">Twitter for iPhone</a>","Heatherbug1048",0,FALSE,FALSE,NA,NA
"197","period cramps and aches by itself is bad enough, and when you combine it with the flu and you're trying to decide b… https://t.co/GyEdHRT5Fo",FALSE,0,NA,2019-03-08 22:53:26,TRUE,NA,"1104153177291739137",NA,"<a href=""http://twitter.com"" rel=""nofollow"">Twitter Web Client</a>","matchynishi",0,FALSE,FALSE,NA,NA
"198","@devdline_ Yea bro im still fucking sick. Had the flu",FALSE,0,"devdline_",2019-03-08 22:52:58,FALSE,"1104150940117057536","1104153058957774848","2950192101","<a href=""http://twitter.com/download/android"" rel=""nofollow"">Twitter for Android</a>","561nolungz",0,FALSE,FALSE,NA,NA
"199","Yikes.  31,000 + people died this year from flu in the US! https://t.co/EqXrHIXpjT",FALSE,0,NA,2019-03-08 22:52:45,FALSE,NA,"1104153007250382854",NA,"<a href=""http://www.facebook.com/twitter"" rel=""nofollow"">Facebook</a>","TUpchan",0,FALSE,FALSE,NA,NA
"200","@PompeyOnSixers @BenSimmons25 So he has the flu <U+0001F927>",FALSE,0,"PompeyOnSixers",2019-03-08 22:51:38,FALSE,"1104078064433184768","1104152724457828353","209716158","<a href=""http://twitter.com/download/iphone"" rel=""nofollow"">Twitter for iPhone</a>","ChuckRob67",0,FALSE,FALSE,NA,NA
"201","Hey #fairhopealabama graysoncapps and band are playing #liveatfive in about an hour. I will be filling in for Corky… https://t.co/GH92FfgNxG",FALSE,2,NA,2019-03-08 22:51:04,TRUE,NA,"1104152580958040065",NA,"<a href=""http://instagram.com"" rel=""nofollow"">Instagram</a>","mollythomas",0,FALSE,FALSE,"-87.90111158","30.52055975"
"202","I'm torn between not wanting the flu and not wanting to be left out.",FALSE,0,NA,2019-03-08 22:50:53,FALSE,NA,"1104152537152843776",NA,"<a href=""https://mikesjokes.herokuapp.com"" rel=""nofollow"">Mike's Jokes</a>","MikesJokesEtc",0,FALSE,FALSE,NA,NA
"203","About a decade ago, scientists discovered ""broadly neutralizing antibodies"" that target a sophisticated part of the… https://t.co/d3KfcaUifr",FALSE,0,NA,2019-03-08 22:50:06,TRUE,NA,"1104152340075069440",NA,"<a href=""https://www.hootsuite.com"" rel=""nofollow"">Hootsuite Inc.</a>","CHCAlbany",0,FALSE,FALSE,NA,NA
"204","Update: have the flu. Type A. Have lost 10 pounds in the last 3 days. Not the diet and weight loss I really wanted… https://t.co/ZpvXVGLXXK",FALSE,0,NA,2019-03-08 22:49:53,TRUE,NA,"1104152283288354816",NA,"<a href=""http://twitter.com/download/iphone"" rel=""nofollow"">Twitter for iPhone</a>","aawesche34",0,FALSE,FALSE,NA,NA
"205","@AdamSchein @CBSSportsNet This is the difference between the goat and lebron. No minute count. Jordan lit Utah up w… https://t.co/XeSrKrxjrq",FALSE,0,"AdamSchein",2019-03-08 22:49:43,TRUE,"1104148624190124041","1104152242654007296","37824341","<a href=""http://twitter.com/download/iphone"" rel=""nofollow"">Twitter for iPhone</a>","galbreezy23",0,FALSE,FALSE,NA,NA
"206","GOTTEN YOUR FLU SHOT YET? There's a strong chance this flu season has peaked, but health officials are watching a r… https://t.co/7li5t39pLW",FALSE,0,NA,2019-03-08 22:49:05,TRUE,NA,"1104152081479467008",NA,"<a href=""http://www.socialnewsdesk.com"" rel=""nofollow"">SocialNewsDesk</a>","WDBJ7",0,FALSE,FALSE,NA,NA
"207","My baby has the flu <U+0001F622>",FALSE,0,NA,2019-03-08 22:48:43,FALSE,NA,"1104151990857281537",NA,"<a href=""http://twitter.com/download/iphone"" rel=""nofollow"">Twitter for iPhone</a>","fernandaaa2013",0,FALSE,FALSE,NA,NA
"208","Flu activity remains high and there's a second wave of severe infections striking some states  https://t.co/StO684Laa3",FALSE,0,NA,2019-03-08 22:48:17,FALSE,NA,"1104151883483148289",NA,"<a href=""http://twitter.com"" rel=""nofollow"">Twitter Web Client</a>","wandaology",0,FALSE,FALSE,NA,NA
"209","@HasteYourDeath I just got back from urgent care. Prescription cough medicine and steroid nose spray for me. Thankf… https://t.co/dJDeGbiUxp",FALSE,0,"HasteYourDeath",2019-03-08 22:48:10,TRUE,"1104124845049155586","1104151852973727746","4107103150","<a href=""http://twitter.com/download/android"" rel=""nofollow"">Twitter for Android</a>","superduper8766",0,FALSE,FALSE,NA,NA
"210","of course the day before I’m going to visit UT is the same day I get the flu https://t.co/OIypso70qp",FALSE,4,NA,2019-03-08 22:48:02,FALSE,NA,"1104151819582869504",NA,"<a href=""http://twitter.com/download/iphone"" rel=""nofollow"">Twitter for iPhone</a>","christingarcia6",0,FALSE,FALSE,NA,NA
"211","Boost your immune system with this flu fighter soup. Visit us at https://t.co/BNVgzS4bk9 for other ideas for stayin… https://t.co/mmEBvUXXRR",FALSE,0,NA,2019-03-08 22:47:26,TRUE,NA,"1104151670211121163",NA,"<a href=""https://www.socialoomph.com"" rel=""nofollow"">SocialOomph</a>","ChicagoPlantEat",0,FALSE,FALSE,NA,NA
"212","I wasn’t going to mention it, but since Maryland PR had this at my seat...

If Michael Jordan had a flu game, so mu… https://t.co/WN52ceYlY0",FALSE,28,NA,2019-03-08 22:47:03,TRUE,NA,"1104151573175959552",NA,"<a href=""http://twitter.com/download/iphone"" rel=""nofollow"">Twitter for iPhone</a>","EmilyGiam",0,FALSE,FALSE,NA,NA
"213","We love a queen who has the flu <U+0001F614><U+0001F91F>",FALSE,0,NA,2019-03-08 22:46:03,FALSE,NA,"1104151320225824769",NA,"<a href=""http://twitter.com/download/iphone"" rel=""nofollow"">Twitter for iPhone</a>","erikascharf1",0,FALSE,FALSE,NA,NA
"214","Flu season is still going strong, the CDC says https://t.co/VEULV4q2Zi",FALSE,10,NA,2019-03-08 22:45:01,FALSE,NA,"1104151058769764353",NA,"<a href=""http://www.socialflow.com"" rel=""nofollow"">SocialFlow</a>","FortuneMagazine",5,FALSE,FALSE,NA,NA
"215","@PompeyOnSixers The flu game 2.0?",FALSE,0,"PompeyOnSixers",2019-03-08 22:43:49,FALSE,"1104148115635007488","1104150759610953735","209716158","<a href=""http://twitter.com/download/iphone"" rel=""nofollow"">Twitter for iPhone</a>","_Jacobpickett36",0,FALSE,FALSE,NA,NA
"216","Dear Body,

Please stop making cough up a lung every two minutes. I get it’s residual from the flu I just had, but… https://t.co/NEQnqf4PiU",FALSE,0,NA,2019-03-08 22:43:34,TRUE,NA,"1104150696562176006",NA,"<a href=""http://twitter.com/download/iphone"" rel=""nofollow"">Twitter for iPhone</a>","mrandamiller517",0,FALSE,FALSE,NA,NA
"217","I’m stuck on if I want to buy these low top Kyrie 5s man. I like them. But my long ass feet in low tops. Idk",FALSE,0,NA,2019-03-08 22:43:32,FALSE,NA,"1104150688270090242",NA,"<a href=""http://twitter.com/download/iphone"" rel=""nofollow"">Twitter for iPhone</a>","FLU_2Cold",0,FALSE,FALSE,NA,NA
"218","The whole household has the flu. I absolutely hate winter time.",FALSE,0,NA,2019-03-08 22:42:36,FALSE,NA,"1104150451895894021",NA,"<a href=""http://twitter.com/download/android"" rel=""nofollow"">Twitter for Android</a>","MissGoddessKae",0,FALSE,FALSE,NA,NA
"219","@CDCgov so why is there a flu outbreak cause thousands to be sick and end up dying?  What was the vaccination suppo… https://t.co/qmZncOQW51",FALSE,0,"CDCgov",2019-03-08 22:40:38,TRUE,NA,"1104149958352166912","146569971","<a href=""http://twitter.com/download/iphone"" rel=""nofollow"">Twitter for iPhone</a>","CDRSnelling",0,FALSE,FALSE,NA,NA
"220","@mrs_beeee Yeah. But it was the flu",FALSE,0,"mrs_beeee",2019-03-08 22:40:13,FALSE,"1104149437474111488","1104149854132015109","1054805577786810368","<a href=""http://twitter.com/download/iphone"" rel=""nofollow"">Twitter for iPhone</a>","jessbeglam",0,FALSE,FALSE,NA,NA
"221","hope my 20 peeps here following me are well, ha! thanks so much for the interest and support even as my progress is… https://t.co/S9oRKTSDnT",FALSE,0,NA,2019-03-08 22:39:59,TRUE,NA,"1104149792093986816",NA,"<a href=""http://twitter.com"" rel=""nofollow"">Twitter Web Client</a>","GutsTable",1,FALSE,FALSE,NA,NA
"222","#6 Salt, Fat, Acid Heat by Samin Nosrat.  I watched the Netflix series when I was sick with the flu. Testimonial: I… https://t.co/zoF8847W9D",FALSE,0,"kmoir",2019-03-08 22:39:55,TRUE,"1104148883922448384","1104149775358877696","82681434","<a href=""http://twitter.com"" rel=""nofollow"">Twitter Web Client</a>","kmoir",0,FALSE,FALSE,NA,NA
"223","CDC: Flu season may not have peaked, another wave underway

https://t.co/xmpSHffD8S",FALSE,0,NA,2019-03-08 22:39:00,FALSE,NA,"1104149545368371200",NA,"<a href=""https://about.twitter.com/products/tweetdeck"" rel=""nofollow"">TweetDeck</a>","WMAR2News",0,FALSE,FALSE,NA,NA
"224","who’s got an autoimmune disease and forgot to get her flu shot and ended up with the flu and has been sick for two weeks? <U+0001F64B><U+0001F3FC><U+200D><U+2640><U+FE0F>",FALSE,0,NA,2019-03-08 22:38:37,FALSE,NA,"1104149447745961984",NA,"<a href=""http://twitter.com/download/iphone"" rel=""nofollow"">Twitter for iPhone</a>","xxKHx3",0,FALSE,FALSE,NA,NA
"225","Flu season may not have peaked, and there's another wave of severe infections underway, CDC says - CNN https://t.co/TbfA84tGjJ",FALSE,0,NA,2019-03-08 22:38:30,FALSE,NA,"1104149419652468736",NA,"<a href=""http://twitter.com/#!/download/ipad"" rel=""nofollow"">Twitter for iPad</a>","JBMTPRUSAKIEW",0,FALSE,FALSE,NA,NA
"226","My son hit his head on the edge of a table which led to 5 stitches in the ER while being watched by a respite care… https://t.co/QodOv3V5Nw",FALSE,0,NA,2019-03-08 22:37:21,TRUE,NA,"1104149130115514373",NA,"<a href=""http://twitter.com/download/android"" rel=""nofollow"">Twitter for Android</a>","JenexxDJ",0,FALSE,FALSE,NA,NA
"227","Health officials report 20 flu-related deaths in Maine this season https://t.co/CfTKClPka7 https://t.co/EoZoCYrOy1",FALSE,0,NA,2019-03-08 22:36:21,FALSE,NA,"1104148879887478784",NA,"<a href=""http://trueanthem.com/"" rel=""nofollow"">trueAnthem</a>","WMTWTV",0,FALSE,FALSE,NA,NA
"228","@IKrushalot How many times have you had the flu this month?",FALSE,0,"IKrushalot",2019-03-08 22:36:15,FALSE,"1104125096900378624","1104148853786361856","26772130","<a href=""http://twitter.com/download/android"" rel=""nofollow"">Twitter for Android</a>","GDiamond05",0,FALSE,FALSE,NA,NA
"229","@Akreampuff Just finished the cover for my next comic book series. Plus I have the flu and am so exhausted",FALSE,0,"Akreampuff",2019-03-08 22:36:01,FALSE,"1104024772021641217","1104148794097258496","2280480043","<a href=""http://twitter.com/download/android"" rel=""nofollow"">Twitter for Android</a>","_everheart",0,FALSE,FALSE,NA,NA
"230","Sleep can do amazing things! Boost your immunity with sleep. https://t.co/D6bhVaWO1Q https://t.co/YnKHsZtDep",FALSE,1,NA,2019-03-08 22:35:01,FALSE,NA,"1104148544003469312",NA,"<a href=""https://buffer.com"" rel=""nofollow"">Buffer</a>","OptiMYzMag",1,FALSE,FALSE,NA,NA
"231","3 years in a row, damn . I will definitely get flu shot next year!",FALSE,0,NA,2019-03-08 22:34:19,FALSE,NA,"1104148365749731328",NA,"<a href=""http://twitter.com/download/iphone"" rel=""nofollow"">Twitter for iPhone</a>","joddie_vii",0,FALSE,FALSE,NA,NA
"232","@decayingdeputy Just found out that a young infant I did a hearing screening on earlier this morning was diagnosed… https://t.co/v2ySI4NEuH",FALSE,1,"decayingdeputy",2019-03-08 22:33:32,TRUE,"1104137182640521217","1104148170785861632","3232684944","<a href=""http://twitter.com/download/iphone"" rel=""nofollow"">Twitter for iPhone</a>","Suzuavenue",0,FALSE,FALSE,NA,NA
"233","Aaaaaand it’s the flu",FALSE,5,NA,2019-03-08 22:33:23,FALSE,NA,"1104148133368471554",NA,"<a href=""http://twitter.com/download/iphone"" rel=""nofollow"">Twitter for iPhone</a>","nicholasgwells",0,FALSE,FALSE,NA,NA
"234","This Flu Test | https://t.co/NA1BT45AFR https://t.co/JC4cBmlSrj via @YouTube",FALSE,0,NA,2019-03-08 22:32:50,FALSE,NA,"1104147992582463488",NA,"<a href=""http://twitter.com"" rel=""nofollow"">Twitter Web Client</a>","StacyMHarvey",0,FALSE,FALSE,NA,NA
"235","Flu claims 119 lives across North Carolina; local hospitals, clinics slammed https://t.co/QGh3bIeLfV https://t.co/4NxuklTOPE",FALSE,0,NA,2019-03-08 22:32:30,FALSE,NA,"1104147909904396288",NA,"<a href=""http://trueanthem.com/"" rel=""nofollow"">trueAnthem</a>","WXII",0,FALSE,FALSE,NA,NA
"236","CDC: Flu activity still high, linked to 8 new kids' deaths https://t.co/2ueeTZjbJ3",FALSE,0,NA,2019-03-08 22:31:52,FALSE,NA,"1104147751221293057",NA,"<a href=""http://twitter.com"" rel=""nofollow"">Twitter Web Client</a>","OSAPtweets",0,FALSE,FALSE,NA,NA
"237","I’m a victim of the Flu. Save yourself",FALSE,3,NA,2019-03-08 22:31:04,FALSE,NA,"1104147550351908866",NA,"<a href=""http://twitter.com/download/iphone"" rel=""nofollow"">Twitter for iPhone</a>","JeantetDanielle",1,FALSE,FALSE,NA,NA
"238","After a week long battle with a stomach flu I've never developed a cold complete with body aches, and chills. Life'… https://t.co/mjnHc8RXtq",FALSE,0,NA,2019-03-08 22:30:55,TRUE,NA,"1104147512401768448",NA,"<a href=""http://twitter.com/download/android"" rel=""nofollow"">Twitter for Android</a>","goalfer",0,FALSE,FALSE,NA,NA
"239","@Wethepeoplehope Yes it is the complications from the flu to worry about.",FALSE,0,"Wethepeoplehope",2019-03-08 22:30:26,FALSE,"1104066943122882560","1104147389416460288","1047589722216980480","<a href=""http://twitter.com/download/iphone"" rel=""nofollow"">Twitter for iPhone</a>","BojeConnie",0,FALSE,FALSE,NA,NA
"240","There's a second wave of severe flu infections happening, CDC says @CNN https://t.co/5WqccLgpp5",FALSE,0,NA,2019-03-08 22:30:17,FALSE,NA,"1104147353450237952",NA,"<a href=""https://www.hootsuite.com"" rel=""nofollow"">Hootsuite Inc.</a>","KansasAAP",0,FALSE,FALSE,NA,NA
"241","I stg if these kids come back in this pharmacy and make out in the lobby, I’m going to spray them down with Lysol.… https://t.co/sq0eFoBbYJ",FALSE,3,NA,2019-03-08 22:30:15,TRUE,NA,"1104147343136428033",NA,"<a href=""http://twitter.com/download/iphone"" rel=""nofollow"">Twitter for iPhone</a>","crreeves01",0,FALSE,FALSE,NA,NA
"242","According to outpatient healthcare statistics, the number of people who reported influenza-like illness (ILI) fell… https://t.co/RfDZWMRc1F",FALSE,0,NA,2019-03-08 22:30:05,TRUE,NA,"1104147301197643776",NA,"<a href=""http://www.salesforce.com"" rel=""nofollow"">Salesforce - Social Studio</a>","biomerieux_inc",0,FALSE,FALSE,NA,NA
"243","Wow but is it the flu or did I just get hit by a bus and forget about it? <U+0001F912><U+0001F927>",FALSE,0,NA,2019-03-08 22:30:03,FALSE,NA,"1104147295422107650",NA,"<a href=""http://twitter.com/download/android"" rel=""nofollow"">Twitter for Android</a>","adbaywall",0,FALSE,FALSE,NA,NA
"244","Students from UVA's Men Advancing Nursing club taught students at Meriwether Lewis an important lesson in flu preve… https://t.co/DbfR5Eqq5D",FALSE,0,NA,2019-03-08 22:30:00,TRUE,NA,"1104147280406417422",NA,"<a href=""http://www.socialnewsdesk.com"" rel=""nofollow"">SocialNewsDesk</a>","CBS19News",0,FALSE,FALSE,NA,NA
"245","@Iromg glad porky is over his equine flu",FALSE,1,"Iromg",2019-03-08 22:28:49,FALSE,NA,"1104146982430560257","207739658","<a href=""http://twitter.com/download/android"" rel=""nofollow"">Twitter for Android</a>","ea4966410c874ac",0,FALSE,FALSE,NA,NA
"246","@Avaltor05 It looks like it was nausea caused by my period because I started too. I haven't been feeling any other… https://t.co/A9aGSCUhjt",FALSE,0,"Avaltor05",2019-03-08 22:28:27,TRUE,"1104047246457200643","1104146890856243201","2409513548","<a href=""http://twitter.com/download/android"" rel=""nofollow"">Twitter for Android</a>","dreadravenanzu",0,FALSE,FALSE,NA,NA
"247","@dr_pete It’s flu season + RogerBot that’s what I said. It’s my story and I’m sticking to it. LOL",FALSE,0,"dr_pete",2019-03-08 22:27:53,FALSE,"1104029215131926529","1104146749311148032","13311832","<a href=""http://twitter.com/download/iphone"" rel=""nofollow"">Twitter for iPhone</a>","thomaszickell",0,FALSE,FALSE,NA,NA
"248","Feeling almost over this flu, except for a mild resurgence of a semi-chronic vertigo problem.",FALSE,14,NA,2019-03-08 22:27:49,FALSE,NA,"1104146733397958656",NA,"<a href=""http://twitter.com"" rel=""nofollow"">Twitter Web Client</a>","KMWeiland",0,FALSE,FALSE,NA,NA
"249","“We are not out of flu season. We are still in above that 10% range, so there is still concern, and it’s never too… https://t.co/5cXFWvrZBm",FALSE,2,NA,2019-03-08 22:27:47,TRUE,NA,"1104146722962530304",NA,"<a href=""http://twitter.com"" rel=""nofollow"">Twitter Web Client</a>","WXIIKirsten",3,FALSE,FALSE,NA,NA
"250","#diva out.  This flu bug will not let go. Siesta at Manasota.  
#divachronicles @ Manasota Beach, Florida https://t.co/yD8uCJfprh",FALSE,0,NA,2019-03-08 22:27:40,FALSE,NA,"1104146694822940673",NA,"<a href=""http://instagram.com"" rel=""nofollow"">Instagram</a>","lhirocks",0,FALSE,FALSE,"-82.41290883","27.01054132"
"251","I think some nasty person at the DMV gave me the cold or flu (probably flu).  I hope they get it neverending until… https://t.co/pIim5F7m5W",FALSE,0,NA,2019-03-08 22:25:56,TRUE,NA,"1104146257453424640",NA,"<a href=""https://mobile.twitter.com"" rel=""nofollow"">Twitter Web App</a>","jess_paton",0,FALSE,FALSE,NA,NA
"252","@DenWizard8 flu put me on the list can I join kv",FALSE,1,"DenWizard8",2019-03-08 22:24:56,FALSE,NA,"1104146007359664128","4923059975","<a href=""http://twitter.com/download/iphone"" rel=""nofollow"">Twitter for iPhone</a>","Devantet28",0,FALSE,FALSE,NA,NA
"253","CDC: #Flu activity still high, linked to 8 new kids' deaths https://t.co/0ZnJZXehZx #influenza https://t.co/oBxXz0E3BK",FALSE,2,NA,2019-03-08 22:24:17,FALSE,NA,"1104145844020891650",NA,"<a href=""https://www.hootsuite.com"" rel=""nofollow"">Hootsuite Inc.</a>","CIDRAP",1,FALSE,FALSE,NA,NA
"254","I don’t know where this flu came from. I want it gone. I feel horrible.",FALSE,0,NA,2019-03-08 22:24:06,FALSE,NA,"1104145797556432898",NA,"<a href=""http://twitter.com/download/iphone"" rel=""nofollow"">Twitter for iPhone</a>","a__lluminati",0,FALSE,FALSE,NA,NA
"255","Flu season may not have peaked, and there's another wave of severe infections underway, CDC says - CNN https://t.co/9Z6VN5iOg1",FALSE,0,NA,2019-03-08 22:23:18,FALSE,NA,"1104145593222549504",NA,"<a href=""http://twitter.com/download/iphone"" rel=""nofollow"">Twitter for iPhone</a>","skooldbyfarhana",0,FALSE,FALSE,NA,NA
"256","Home sick with the flu, with two kids, and cleaned the whole house <U+0001F44C><U+0001F3FC>",FALSE,1,NA,2019-03-08 22:22:52,FALSE,NA,"1104145485550551040",NA,"<a href=""http://twitter.com/download/iphone"" rel=""nofollow"">Twitter for iPhone</a>","MrsMomager",0,FALSE,FALSE,NA,NA
"257","Flu may have peaked, but experts eye jump in nastier strain https://t.co/tHTyTxpZPD",FALSE,0,NA,2019-03-08 22:22:13,FALSE,NA,"1104145323029655552",NA,"<a href=""https://ifttt.com"" rel=""nofollow"">IFTTT</a>","TimesRecord",0,FALSE,FALSE,NA,NA
"258","Flu season has peaked, but nasty strain is on rise: report | Fox News https://t.co/HmX9c4luaM",FALSE,0,NA,2019-03-08 22:21:22,FALSE,NA,"1104145106909741056",NA,"<a href=""https://bitly.com/"" rel=""nofollow"">Bitly</a>","filterednews",0,FALSE,FALSE,NA,NA
"259","Sorry guys. There won't be a stream today. I just got a call from the higher up manager after I worked today, not t… https://t.co/gWwbyu5MMm",FALSE,0,NA,2019-03-08 22:20:55,TRUE,NA,"1104144996054257664",NA,"<a href=""http://twitter.com/download/android"" rel=""nofollow"">Twitter for Android</a>","LimboTheTheory",0,FALSE,FALSE,NA,NA
"260","You seriously don’t realize how comfy your bed is till you have the flu...<U+0001F637>",FALSE,0,NA,2019-03-08 22:20:52,FALSE,NA,"1104144980698955780",NA,"<a href=""http://twitter.com/download/iphone"" rel=""nofollow"">Twitter for iPhone</a>","hannah_guill32",0,FALSE,FALSE,NA,NA
"261","@HostGrady @HighThinkingApe @mikazubiri @cnni I got bronchitis and or pneumonia, which could have killed me every y… https://t.co/WGus4mU2rh",FALSE,0,"HostGrady",2019-03-08 22:20:29,TRUE,"1104143494166175744","1104144886654152709","3421949867","<a href=""http://twitter.com"" rel=""nofollow"">Twitter Web Client</a>","Qtastic3",0,FALSE,FALSE,NA,NA
"262","Great. I just got over the flu 2+weeks ago and now I feel sick again...",FALSE,0,NA,2019-03-08 22:19:24,FALSE,NA,"1104144613307285510",NA,"<a href=""http://twitter.com/download/android"" rel=""nofollow"">Twitter for Android</a>","JAL5150",0,FALSE,FALSE,NA,NA
"263","@RMFifthCircuit @VoxPrudentia Just remember - Jordan dropped 38 with the flu.  This is your Jordan moment. https://t.co/csTpHUZ8uU",FALSE,1,"RMFifthCircuit",2019-03-08 22:18:50,FALSE,"1104143623573131265","1104144469916610560","469640856","<a href=""http://twitter.com"" rel=""nofollow"">Twitter Web Client</a>","K_NoiseWaterMD",0,FALSE,FALSE,NA,NA
"264","Flu may have peaked, but experts eye jump in nastier strain https://t.co/8HYkhvNIHa",FALSE,0,NA,2019-03-08 22:17:28,FALSE,NA,"1104144125316739072",NA,"<a href=""http://twibble.io"" rel=""nofollow"">Twibble.io</a>","vindicator",0,FALSE,FALSE,NA,NA
"265","@MadisonRizado I have the bird flu and it’s for the birds",FALSE,1,"MadisonRizado",2019-03-08 22:16:21,FALSE,"1104143752862535681","1104143846584340482","726888698302857217","<a href=""http://twitter.com/download/iphone"" rel=""nofollow"">Twitter for iPhone</a>","KaitlynGibson00",0,FALSE,FALSE,NA,NA
"266","Govt experiment to create bird flu that 'could kill millions of people'...  the next great extinction , promoted an… https://t.co/gOn3H5KOuV",FALSE,1,NA,2019-03-08 22:16:18,TRUE,NA,"1104143831321186305",NA,"<a href=""http://twitter.com/download/iphone"" rel=""nofollow"">Twitter for iPhone</a>","kenpro11",0,FALSE,FALSE,NA,NA
"267","CDC estimates flu caused as many as 26.3 million flu illnesses, 347,000 hospitalizations and 31,200 deaths so far this season.",FALSE,0,NA,2019-03-08 22:15:59,FALSE,NA,"1104143754754121728",NA,"<a href=""http://www.facebook.com/twitter"" rel=""nofollow"">Facebook</a>","backtoschoolart",0,FALSE,FALSE,NA,NA
"268","I went 20+ years without getting the flu, and now I’ve had it twice in 3 years. Just when I thought I would make it… https://t.co/VxbWK7y5bi",FALSE,0,NA,2019-03-08 22:15:51,TRUE,NA,"1104143718104399872",NA,"<a href=""http://twitter.com/download/iphone"" rel=""nofollow"">Twitter for iPhone</a>","catburrismiller",0,FALSE,FALSE,NA,NA
